"SKU";"Name";"Category";"Схема";"Brand";"Seller";"Balance";"Balance FBS";"Comments";"Final price";"Max price";"Min price";"Average price";"Median price";"Цена с Ozon картой";"Sales";"Revenue";"Revenue potential";"Revenue average";"Lost profit";"Lost profit percent";"URL";"Thumb";"Days in stock";"Days with sales";"Average if in stock";"Rating";"FBS";"Base price";"Category Position";"Categories Last Count";"Sales Per Day Average";"Turnover";"Turnover days"
298707899;"Mijia Напольные весы Mi Smart Scale 2 XMTZC04HM, белый";"Бытовая техника/Техника для красоты и здоровья/Весы напольные";"FBO";"Mijia";"Berkat";6194;0;10334;1731;1800;936;"1205,2941";1181;1686;66342;79961620;"85556602,1574";"217879,0736";"5594982,1574";"6,5395";"https://www.ozon.ru/context/detail/id/298707899/";"https://cdn1.ozone.ru/s3/multimedia-0/6089983332.jpg";343;335;"193,2915";"4,91";1;3350;65;6;"180,7684";"17,27";21
235260644;"Наушники беспроводные Xiaomi Airdots 2 модель 23J07LS";"";"FBO";"Xiaomi";"Mi Store";71;0;19119;1304;2168;1045;"1285,0984";1371;1269;45679;58702012;"62445328,7072";"159950,9864";"3743316,7072";"5,9946";"https://www.ozon.ru/context/detail/id/235260644/";"https://cdn1.ozone.ru/s3/multimedia-f/6630612063.jpg";345;342;"132,3188";"4,46";0;2990;0;1;"124,4659";"306,57";1
179366438;"Машинка для удаления катышков Xiaomi Mijiia Lint Remover MQXJQ01KL";"Одежда/Уход за одеждой/Машинки для удаления катышков";"FBO";"Xiaomi";"GoGeek";1;0;13277;825;888;628;"776,5789";765;803;24673;19160530;"19318446,456";"52208,5286";"157916,456";"0,8174";"https://www.ozon.ru/context/detail/id/179366438/";"https://cdn1.ozone.ru/s3/multimedia-h/6248034257.jpg";364;365;"67,1896";"4,93";0;937;5;2;"67,2289";"9,55";38
182982928;"Машинка триммер для удаления катышков Mijia машинка против катышек Hair Ball Trimmer White Rechargeable Lint Remover";"Одежда/Уход за одеждой/Ролики-щетки для снятия ворсинок";"FBO";"Mijia";"Berkat";3573;0;6601;787;990;556;"680,9692";664;763;23410;15941490;"17258191,2389";"43437,3025";"1316701,2389";"7,6294";"https://www.ozon.ru/context/detail/id/182982928/";"https://cdn1.ozone.ru/s3/multimedia-q/6768831014.jpg";339;330;"69,056";"4,92";0;3000;53;2;"63,7875";"10,89";34
825616688;"Кабель для быстрой зарядки телефонов и планшетов Xiaomi USB 6A Quick Charge Turbo Type-A to Type-C Cable (BHR6032GL) 6 ампер";"Электроника/Телефоны и смарт-часы/Аксессуары для смартфонов и телефонов/Кабели";"FBO";"Xiaomi";"GoGeek";301;0;4684;560;790;428;"579,2989";616;538;23027;13339516;"14701508,6246";"36347,455";"1361992,6246";"9,2643";"https://www.ozon.ru/context/detail/id/825616688/";"https://cdn1.ozone.ru/s3/multimedia-5/6504519953.jpg";333;327;"69,1471";"4,91";0;990;20;2;"62,7439";"152,5";2
778226082;"Повербанк (powerbank) Xiaomi Mi Power Bank 3 20000 mah с быстрой зарядкой/внешний аккумулятор портативный, переносной, мощный, универсальный для телефона/смартфона, белый";"Электроника/Аксессуары для электроники/Внешние аккумуляторы";"FBO";"Xiaomi";"Band_Online";1778;0;5271;2402;2990;1883;"2255,5157";2236;2313;21589;48694328;"51205783,3123";"132682,0926";"2511455,3123";"4,9046";"https://www.ozon.ru/context/detail/id/778226082/";"https://cdn1.ozone.ru/s3/multimedia-1-1/6937319557.jpg";349;339;"61,8596";"4,91";0;7000;46;2;"58,8256";"24,28";15
1091110355;"Наушники Redmi Buds 4 Active Black M2232E1 (BHR6992GL)";"Электроника/Наушники и аудиотехника/Наушники";"FBO";"Xiaomi";"СМАРТ ЭЛЕКТРОНИКС";2728;0;5273;1590;1888;1199;"1571,4967";1611.5;1559;20175;31704945;"61564628,6508";"86389,4959";"29859683,6508";"48,5014";"https://www.ozon.ru/context/detail/id/1091110355/";"https://cdn1.ozone.ru/s3/multimedia-f/6729695079.jpg";189;184;"106,6772";"4,69";1;2690;158;12;"54,9728";"14,79";25
266336854;"Метеостанция умный дом Xiaomi Mijia 2 Bluetooth Hygrothermograph 2 LYWSD03MMC, гигрометр комнатный, погодная станция домашняя Xiaomi";"Бытовая техника/Климатическая техника/Погодные станции и датчики/Погодные станции";"FBO";"Xiaomi";"GoGeek";602;0;5851;518;547;369;"451,6539";448;503;19138;8643752;"8714991,7143";"23552,4578";"71239,7143";"0,8174";"https://www.ozon.ru/context/detail/id/266336854/";"https://cdn1.ozone.ru/s3/multimedia-q/6462916754.jpg";364;361;"52,2582";"4,89";0;590;117;4;"52,1471";"23,16";16
664724216;"Внешний аккумулятор Xiaomi Redmi Fast Charge Power Bank 18 Вт, 20 000 мА•ч, черный (PB200LZM/ VXN4304GL)";"";"FBO";"Xiaomi";"ОМК";0;0;1494;1645;3390;1629;"1938,5772";2490;1645;18343;35559321;"81564192,5438";"96891,8828";"46004871,5438";"56,4033";"https://www.ozon.ru/context/detail/id/664724216/";"https://cdn1.ozone.ru/s3/multimedia-l/6068491857.jpg";160;146;"114,6188";"4,94";0;3190;0;1;"49,9809";"4,11";89
302972435;"Машинка для удаления катышков Mi Mijia Lint Remover MQXJQ01KL";"";"FBO";"Xiaomi";"XD-STORE";1;0;5517;684;957;545;"747,3619";753;666;18312;13685691;"15083028,8198";"37290,7112";"1397337,8198";"9,2643";"https://www.ozon.ru/context/detail/id/302972435/";"https://cdn1.ozone.ru/s3/multimedia-c/6283290960.jpg";333;333;"54,3634";"4,93";0;1390;-1;0;"49,8965";"25,45";14
1068308084;"Кабель для быстрой зарядки Xiaomi 6A USB - USB Type C Mi Turbo - Hyper Charge 120w / шнур питания телефона / USB-C провод для смартфона, планшета";"Электроника/Телефоны и смарт-часы/Аксессуары для смартфонов и телефонов/Кабели";"FBO";"Xiaomi";"GEEKHOME.RU - Магазин умных гаджетов";1911;0;4187;593;677;488;"595,6755";607;570;16648;9916806;"16468180,0995";"27021,2698";"6551374,0995";"39,782";"https://www.ozon.ru/context/detail/id/1068308084/";"https://cdn1.ozone.ru/s3/multimedia-7/6714458755.jpg";221;214;"75,1041";"4,88";1;990;7;1;"45,3624";"17,42";21
564891781;"Термометр комнатный Метеостанция Гигрометр Погодная станция Xiaomi, Датчик температуры и влажности, цифровой, электронный, Mijia Bluetooth Thermometer 2";"Бытовая техника/Климатическая техника/Погодные станции и датчики/Погодные станции";"FBO";"Xiaomi";"GEEKHOME.RU - Магазин умных гаджетов";1923;0;3674;491;537;356;"472,5185";438;477;16240;7673700;"8163037,3913";"20909,2643";"489337,3913";"5,9946";"https://www.ozon.ru/context/detail/id/564891781/";"https://cdn1.ozone.ru/s3/multimedia-4/6558079204.jpg";345;344;"46,6899";"4,89";0;1100;50;4;"44,2507";"15,24";24
704134255;"Набор для маникюра и педикюра Xiaomi Nail Clipper Five Piece Set MJZJD002QW уход за ногтями, маникюрный набор для женщин и мужчин, ножницы пилочка книпсер щипчики лопатка";"Красота и здоровье/Маникюр и педикюр/Инструменты и аксессуары/Маникюрные и педикюрные наборы";"FBO";"Xiaomi";"GEEKHOME.RU - Магазин умных гаджетов";2224;0;3077;755;849;648;"728,8227";722.5;728;16027;11680842;"12461828,5291";"31827,9074";"780986,5291";"6,267";"https://www.ozon.ru/context/detail/id/704134255/";"https://cdn1.ozone.ru/s3/multimedia-4/6402231316.jpg";344;336;"46,436";"4,85";0;1600;117;2;"43,6703";"14,04";26
1032338604;"Ручной отпариватель Xiaomi Mijia Handheld Ironing Machine Steamer для одежды и белья MJGTJ01LF 1200W";"";"FBO";"Xiaomi";"MiStore";3;0;2299;2146;2539;1554;"2037,1391";2041;2090;14485;29507960;"52316045,0242";"80403,1608";"22808085,0242";"43,5967";"https://www.ozon.ru/context/detail/id/1032338604/";"https://cdn1.ozone.ru/s3/multimedia-u/6693993858.jpg";207;201;"68,1546";"4,81";0;5990;0;1;"39,4687";"9656,67";0
838406603;"Машинка для удаления катышков Xiaomi Mijia Rechargeable Lint Remover";"Одежда/Уход за одеждой/Машинки для удаления катышков";"FBO";"Xiaomi";"Firebird";1418;0;2779;883;950;646;"842,1282";799;859;14007;11795690;"12584355,3198";"32140,8447";"788665,3198";"6,267";"https://www.ozon.ru/context/detail/id/838406603/";"https://cdn1.ozone.ru/s3/multimedia-c/6851171712.jpg";344;340;"40,6715";"4,93";0;1200;3;2;"38,1662";"18,97";19
664724204;"Внешний аккумулятор Xiaomi Mi Power Bank 3 Ultra Compact, 10 000 мА•ч, черный (PB1022ZM/ BHR4412GL)";"";"FBO";"Xiaomi";"ОМК";0;0;874;2390;2399;1359;"1487,5859";1799;2390;13405;19941089;"51903401,8652";"54335,3924";"31962312,8652";"61,5804";"https://www.ozon.ru/context/detail/id/664724204/";"https://cdn1.ozone.ru/s3/multimedia-3/6043986711.jpg";141;125;"95,0567";"4,93";0;2390;0;1;"36,5259";"4,28";86
1041254510;"Умная метеостанция Xiaomi Bluetooth Mijia Thermometer, Гигрометр Погодная станция Mi, Датчик температуры и влажности, цифровой комнатный Термометр, градусник электронный";"Бытовая техника/Климатическая техника/Погодные станции и датчики/Погодные станции";"FBO";"Xiaomi";"GEEKHOME.RU - Магазин умных гаджетов";1952;0;3203;481;526;375;"476,242";481;467;12789;6090659;"9391898,542";"16595,8011";"3301239,542";"35,1499";"https://www.ozon.ru/context/detail/id/1041254510/";"https://cdn1.ozone.ru/s3/multimedia-y/6683881822.jpg";238;237;"53,7353";"4,89";0;1050;8;3;"34,8474";"13,1";28
825770373;"Машинка для удаления катышков с одежды Xiaomi / Триммер против катышек / Миниклинер для чистки одежды с аккумулятором";"Одежда/Уход за одеждой/Машинки для удаления катышков";"FBO";"Xiaomi";"GEEKHOME.RU - Магазин умных гаджетов";1586;0;2214;955;1300;664;"848,8222";797;929;12185;10342899;"12012164,3449";"28182,2861";"1669265,3449";"13,8965";"https://www.ozon.ru/context/detail/id/825770373/";"https://cdn1.ozone.ru/s3/multimedia-n/6507881939.jpg";316;304;"38,3418";"4,94";0;1900;94;2;"33,2016";"15,37";24
921174501;"Xiaomi Наушники беспроводные с микрофоном Xiaomi Redmi Buds 4 Lite, USB Type-C, белый";"Электроника/Наушники и аудиотехника/Наушники";"FBO";"Xiaomi";"СМАРТ ЭЛЕКТРОНИКС";424;0;3628;1597;2113;1479;"1728,2399";1747;1567;10869;18784239;"21610707,5643";"51183,2125";"2826468,5643";"13,079";"https://www.ozon.ru/context/detail/id/921174501/";"https://cdn1.ozone.ru/s3/multimedia-d/6794322133.jpg";319;308;"33,8433";"4,74";1;2990;202;4;"29,6158";"51,27";7
661746146;"Xiaomi Фитнес-браслет Mi Band 7 Xiaomi, черный";"";"FBO";"Xiaomi";"DASH";0;0;3130;3044;3890;2500;"3064,6161";3119;2964;10607;32506383;"38859422,0228";"88573,2507";"6353039,0228";"16,3488";"https://www.ozon.ru/context/detail/id/661746146/";"https://cdn1.ozone.ru/s3/multimedia-s/6553658716.jpg";307;271;"34,4463";"4,81";0;6990;0;1;"28,9019";"29,88";12
871180471;"Машинка для удаления катышков, машинка против катышков Mijia Rechargeable Lint Remover MQXJQ01KL";"Одежда/Уход за одеждой/Машинки для удаления катышков";"FBO";"Xiaomi";"Texnomir";550;0;3307;923;950;666;"850,8668";900;898;10605;9023442;"13461801,6829";"24587,0354";"4438359,6829";"32,97";"https://www.ozon.ru/context/detail/id/871180471/";"https://cdn1.ozone.ru/s3/multimedia-e/6671269562.jpg";246;251;"41,9187";"4,92";0;1100;92;1;"28,8965";"38,56";10
678379153;"Xiaomi Наушники проводные с микрофоном, 3.5 мм, серебристый";"";"FBO";"Xiaomi";"ОМК";0;0;777;542;799;442;"624,0272";589;523;10313;6435592;"11300776,3828";"17535,673";"4865184,3828";"43,0518";"https://www.ozon.ru/context/detail/id/678379153/";"https://cdn1.ozone.ru/s3/multimedia-6/6135322602.jpg";209;187;"49,3254";"4,84";0;1790;0;1;"28,1008";"4,3";85
835556717;"Ручной отпариватель Xiaomi Mijia Handheld Ironing Machine Steamer для одежды и белья MJGTJ01LF 1200W";"Бытовая техника/Техника для дома/Утюги и отпариватели";"FBO";"Xiaomi";"My-project";292;0;1592;2258;2690;1577;"2307,3516";2590;2199;10237;23620358;"26032046,2042";"64360,6485";"2411688,2042";"9,2643";"https://www.ozon.ru/context/detail/id/835556717/";"https://cdn1.ozone.ru/s3/multimedia-7/6551754511.jpg";333;309;"30,2613";"4,78";0;2990;302;3;"27,8937";"70,12";5
479110370;"Наушники беспроводные Xiaomi Buds 3 lite";"";"FBO";"Xiaomi";"Mi Store";4;0;4665;1389;1640;1151;"1395,99";1463;1352;9842;13739334;"24839091,5172";"37436,8774";"11099757,5172";"44,6866";"https://www.ozon.ru/context/detail/id/479110370/";"https://cdn1.ozone.ru/s3/multimedia-w/6244599152.jpg";203;186;"48,2118";"4,39";0;3490;0;1;"26,8174";"75,71";5
255964544;"Набор гелевых ручек Xiaomi MI Jumbo Gel Ink Pen (MJZXB02WC/BZL4028) 10 шт, черные";"Канцелярские товары/Письменные принадлежности/Ручки";"FBO";"Xiaomi";"GoGeek";367;0;4373;399;399;232;"334,7338";347;391;9802;3281061;"3440426,82";"8940,2207";"159365,82";"4,6322";"https://www.ozon.ru/context/detail/id/255964544/";"https://cdn1.ozone.ru/s3/multimedia-f/6325313547.jpg";350;346;"27,5714";"4,92";0;520;115;5;"26,7084";"31,47";12
276987162;"Дозатор для жидкого мыла сенсорный Xiaomi Mijia Automatic Foam Soap Dispenser";"Дом и сад/Хозяйственные товары/Аксессуары для ванной/Диспенсеры и дозаторы";"FBO";"Xiaomi";"DigitalMall";563;0;2778;1282;2590;1019;"1323,1036";1392;1238;9494;12561546;"12986161,6394";"34227,6458";"424615,6394";"3,2698";"https://www.ozon.ru/context/detail/id/276987162/";"https://cdn1.ozone.ru/s3/multimedia-u/6382886886.jpg";355;338;"26,662";"4,88";0;2990;595;2;"25,8692";"19,53";19
877373330;"Машинка для удаления катышков электрическая Xiaomi MQXJQ01KL , триммер для одежды";"Одежда/Уход за одеждой/Машинки для удаления катышков";"FBO";"Xiaomi";"My-project";1239;0;1912;797;1027;508;"676,3579";699;775;9005;6090603;"6920282,6656";"16595,6485";"829679,6656";"11,9891";"https://www.ozon.ru/context/detail/id/877373330/";"https://cdn1.ozone.ru/s3/multimedia-e/6570072866.jpg";323;307;"27,517";"4,92";0;1390;110;2;"24,5368";"12,69";29
833189519;"Xiaomi Телевизор TV A2 32"" HD, черный";"Электроника/Телевизоры и видеотехника";"FBO";"Xiaomi";"ООО ""ТОП СОРСИНГ""";333;0;6819;15204;22990;11528;"14638,1601";14808;14843;8574;125507585;"161618539,2807";"341982,5204";"36110954,2807";"22,3433";"https://www.ozon.ru/context/detail/id/833189519/";"https://cdn1.ozone.ru/s3/multimedia-p/6524718673.jpg";285;264;"29,9333";"4,83";0;23990;3926;2;"23,3624";"51,5";7
1033763087;"Беспроводные наушники Xiaomi Haylou X1 c двойным шумоподавлением, черные";"Электроника/Наушники и аудиотехника/Наушники";"FBO";"Xiaomi";"Первый Электронный";793;0;3491;2360;7200;1912;"2101,2701";2260;2273;8545;17955353;"28160745,9444";"48924,6676";"10205392,9444";"36,2398";"https://www.ozon.ru/context/detail/id/1033763087/";"https://cdn1.ozone.ru/s3/multimedia-d/6701030797.jpg";234;196;"34,8077";"4,77";0;3120;102;2;"23,2834";"21,55";17
873081248;"Повербанк (powerbank) Xiaomi Mi Power Bank 3 20000 mah с быстрой зарядкой/внешний аккумулятор портативный, переносной, мощный, универсальный для телефона/смартфона, белый";"Электроника/Аксессуары для электроники/Внешние аккумуляторы";"FBO";"Xiaomi";"higadget";419;0;2528;2388;3299;1777;"2306,5456";2266;2299;8063;18597677;"36112949,5185";"50674,8692";"17515272,5185";"48,5014";"https://www.ozon.ru/context/detail/id/873081248/";"https://cdn1.ozone.ru/s3/multimedia-4/6566283172.jpg";189;187;"42,3862";"4,92";0;2785;92;1;"21,97";"38,49";10
951771083;"Xiaomi Наушники беспроводные с микрофоном Xiaomi Redmi Buds 4 Lite, USB Type-C, черный";"Электроника/Наушники и аудиотехника/Наушники";"FBO";"Xiaomi";"СМАРТ ЭЛЕКТРОНИКС";467;0;3643;1597;2360;1544;"1787,3796";1831;1567;8058;14402705;"17387476,102";"39244,4278";"2984771,102";"17,1662";"https://www.ozon.ru/context/detail/id/951771083/";"https://cdn1.ozone.ru/s3/multimedia-g/6794322028.jpg";304;280;"26,5066";"4,73";1;2990;549;2;"21,9564";"34,51";11
228639256;"Сенсорный дозатор для жидкого мыла Xiaomi Mijia Automatic Foam Soap Dispenser / автоматический";"Дом и сад/Хозяйственные товары/Аксессуары для ванной/Диспенсеры и дозаторы";"FBO";"";"MS24";352;0;1211;1221;1990;1132;"1280,3309";1289;1177;7893;10105652;"10688110,3285";"27535,8365";"582458,3285";"5,4496";"https://www.ozon.ru/context/detail/id/228639256/";"https://cdn1.ozone.ru/s3/multimedia-t/6387877889.jpg";347;326;"22,6686";"4,9";0;2490;147;2;"21,5068";"30,24";12
224402100;"Xiaomi Наушники беспроводные с микрофоном Xiaomi Redmi AirDots, microUSB, черный";"Электроника/Наушники и аудиотехника/Наушники";"FBO";"Xiaomi";"Lux Shop";1948;0;5328;400;1239;400;"497,6693";503;394;7645;3804682;"6811308,7512";"10366,9809";"3006626,7512";"44,1417";"https://www.ozon.ru/context/detail/id/224402100/";"https://cdn1.ozone.ru/s3/multimedia-7/6093948343.jpg";205;198;"37,2927";"3,88";0;1990;174;2;"20,8311";"7,85";47
871236332;"Фитнес браслет Xiaomi Mi Smart Band 7, смарт часы, умные часы, черный";"Электроника/Телефоны и смарт-часы/Фитнес-браслеты";"FBO";"Xiaomi";"Texnomir";381;0;2207;3013;3700;2692;"3046,2397";3071.5;2934;7585;23105728;"36709100,329";"62958,3869";"13603372,329";"37,0572";"https://www.ozon.ru/context/detail/id/871236332/";"https://cdn1.ozone.ru/s3/multimedia-t/6563536505.jpg";231;228;"32,368";"4,8";1;4500;14;2;"20,6676";"39,82";9
719098115;"Проводные внутриканальные наушники Xiaomi Mi In-Ear Headphones Basic, 3.5 мм с микрофоном, с шумоподавлением, черные";"";"FBO";"Xiaomi";"ОМК";0;0;777;573;820;430;"582,8042";690;553;7527;4386767;"4777280,3828";"11953,0436";"390513,3828";"8,1744";"https://www.ozon.ru/context/detail/id/719098115/";"https://cdn1.ozone.ru/s3/multimedia-l/6571013769.jpg";337;239;"22,3323";"4,84";0;990;0;1;"20,5095";"4,37";84
832389406;"Беспроводные наушники вкладыши Xiаоmi Hаylou X1 Nеo Black, черные";"Электроника/Наушники и аудиотехника/Наушники";"FBO";"Xiaomi";"Первый Электронный";1081;0;2186;1584;2960;1345;"1691,7343";1779;1539;7310;12366578;"14227379,7053";"33696,3978";"1860801,7053";"13,079";"https://www.ozon.ru/context/detail/id/832389406/";"https://cdn1.ozone.ru/s3/multimedia-1/6697439605.jpg";319;277;"22,8401";"4,75";0;2700;271;3;"19,9183";"12,1";30
855810496;"Ирригатор Xiaomi Mijia Electric Flusher (MEO701) белый, для полости рта и зубов с насадками";"Бытовая химия и гигиена/Личная гигиена/Гигиена полости рта/Ирригаторы";"FBO";"Xiaomi";"Smartgadgets";156;0;882;3106;3799;2528;"2942,3231";2873;2999;7161;21069976;"29741081,5077";"57411,3787";"8671105,5077";"29,1553";"https://www.ozon.ru/context/detail/id/855810496/";"https://cdn1.ozone.ru/s3/multimedia-h/6693226973.jpg";260;256;"26,5";"4,93";0;3615;8;7;"19,5123";"91,81";4
609192321;"Набор отверток для точных работ Xiaomi Mijia Precision 24 в 1 с кейсом, для ремонта часов телефона ноутбука электроники iPhone очков / магнитные сменные биты Mi Screwdriver Kit";"Строительство и ремонт/Инструменты/Ключи и отвертки/Отвертки";"FBO";"Xiaomi";"GEEKHOME.RU - Магазин умных гаджетов";812;0;1386;1604;1889;1266;"1500,835";1429;1547;6996;10499842;"13018385,1824";"28609,9237";"2518543,1824";"19,346";"https://www.ozon.ru/context/detail/id/609192321/";"https://cdn1.ozone.ru/s3/multimedia-d/6387318793.jpg";296;265;"23,2297";"4,93";0;2500;34;2;"19,0627";"17,23";21
833192882;"Xiaomi Телевизор TV A2 43"" 4K UHD, черный";"Электроника/Телевизоры и видеотехника";"FBO";"Xiaomi";"ООО ""ТОП СОРСИНГ""";57;0;6819;25998;33790;20617;"25251,7344";26337;25410;6983;176332861;"238797638,3284";"480471,0109";"62464777,3284";"26,158";"https://www.ozon.ru/context/detail/id/833192882/";"https://cdn1.ozone.ru/s3/multimedia-7/6711810991.jpg";271;261;"25,3321";"4,83";0;39990;4322;2;"19,0272";"245,02";1
335455400;"Аэратор насадка на кран DIIIB Dual Function Faucet Bubbler (DXSZ001-1) (суббренд Xiaomi)";"";"FBO";"Xiaomi";"XD-STORE";0;0;3001;456;577;371;"508,5942";500;440;6846;3481836;"4259446,04";"9487,2916";"777610,04";"18,2561";"https://www.ozon.ru/context/detail/id/335455400/";"https://cdn1.ozone.ru/s3/multimedia-q/6423379466.jpg";300;302;"22,5067";"4,91";0;790;-1;0;"18,654";"1956";0
953991005;"Xiaomi Фитнес-браслет Redmi Smart Band 2 GL, черный";"";"FBO";"Xiaomi";"СМАРТ ЭЛЕКТРОНИКС";3;0;2377;2184;2590;1739;"2091,9918";2200;2144;6706;14028897;"17512262,5816";"38225,8774";"3483365,5816";"19,891";"https://www.ozon.ru/context/detail/id/953991005/";"https://cdn1.ozone.ru/s3/multimedia-o/6635260932.jpg";294;235;"22,8095";"4,84";0;2990;0;1;"18,2725";"4470,67";0
595875149;"Тестер качества воды Xiaomi TDS / Проверка жесткости и минерализации питьевой воды, тдс метр, цифровой тестер Mi Pen Water Quality Tester";"Строительство и ремонт/Водоснабжение/Водоочистка и фильтры/Тестеры качества и жесткости воды";"FBO";"Xiaomi";"GEEKHOME.RU - Магазин умных гаджетов";406;0;1588;760;828;657;"732,3431";729;735;6630;4855435;"5533989,5807";"13230,0681";"678554,5807";"12,2616";"https://www.ozon.ru/context/detail/id/595875149/";"https://cdn1.ozone.ru/s3/multimedia-q/6517622066.jpg";322;321;"20,5";"4,85";0;1600;10;3;"18,0654";"26,79";14
530050514;"Мышь компьютерная беспроводная бесшумная Xiaomi Mi Dual Mode Wireless Mouse Silent Edition (2 режима подключения: Bluetooth или USB), черный, офисная мышка для Apple и Windows, телевизора, ноутбука, планшета, оптическая";"Электроника/Компьютеры/Периферия/Мыши";"FBO";"Xiaomi";"GEEKHOME.RU - Магазин умных гаджетов";303;0;1860;1312;1513;1047;"1245,9233";1241;1272;6510;8110961;"12351546,4191";"22100,7112";"4240585,4191";"34,3324";"https://www.ozon.ru/context/detail/id/530050514/";"https://cdn1.ozone.ru/s3/multimedia-r/6555721911.jpg";241;236;"26,0124";"4,87";1;2500;22;2;"17,7384";"35,28";10
292113852;"Машинка для удаления катышков Xiaomi Mijia Rechargeable Lint Remover White";"";"FBO";"Xiaomi";"Mi Store";0;0;1875;1007;1007;461;"735,5997";570;979;6391;4701218;"15975435,2407";"12809,8583";"11274217,2407";"70,5722";"https://www.ozon.ru/context/detail/id/292113852/";"https://cdn1.ozone.ru/s3/multimedia-x/6081582873.jpg";108;96;"58,0833";"4,91";0;1740;0;1;"17,4142";"0";0
1072434295;"Цветная Фотобумага Xiaomi 50 листов";"Канцелярские товары/Бумага/Фотобумага";"FBO";"Xiaomi";"OrangeMood";299;0;871;1922;3650;1434;"2135,6103";2085;1852;6371;13605973;"22697236,7773";"37073,4959";"9091263,7773";"40,0545";"https://www.ozon.ru/context/detail/id/1072434295/";"https://cdn1.ozone.ru/s3/multimedia-x/6835029225.jpg";220;215;"28,9591";"4,97";0;4500;5;2;"17,3597";"42,62";9
955510874;"Набор отверток для точных работ Xiaomi MI 24in1";"Строительство и ремонт/Инструменты/Ключи и отвертки/Отвертки";"FBO";"Xiaomi";"My-project";581;0;5340;1305;1790;1188;"1440,0009";1400;1258;6339;9128166;"13400147,688";"24872,3869";"4271981,688";"31,8801";"https://www.ozon.ru/context/detail/id/955510874/";"https://cdn1.ozone.ru/s3/multimedia-o/6327419268.jpg";250;247;"24,376";"4,95";0;2490;7;3;"17,2725";"21,82";17
965870445;"Xiaomi Смартфон Redmi Note 12S Ростест (EAC) 8/256 ГБ, синий";"Электроника/Телефоны и смарт-часы/Смартфоны";"FBO";"Xiaomi";"СМАРТ ЭЛЕКТРОНИКС";90;0;4997;18574;28190;17664;"19247,722";20025;18261;6201;119355124;"191280919,2489";"325218,3215";"71925795,2489";"37,6022";"https://www.ozon.ru/context/detail/id/965870445/";"https://cdn1.ozone.ru/s3/multimedia-u/6642133482.jpg";229;205;"25,1092";"4,92";1;32990;3083;1;"16,8965";"137,8";3
790666258;"Электрическая сушилка для обуви с таймером Xiaomi Sothing DSHJ-S-1904A, белая электросушилка";"";"FBO";"Xiaomi";"XD-STORE";0;0;1705;1116;1690;643;"1206,6688";1090;1082;6171;7446353;"11292609,7149";"20289,7902";"3846256,7149";"34,0599";"https://www.ozon.ru/context/detail/id/790666258/";"https://cdn1.ozone.ru/s3/multimedia-s/6621203620.jpg";242;240;"23,9752";"4,91";0;1880;-1;0;"16,8147";"0";0
898404886;"Увлажнитель воздуха Xiaomi Mijia Smart humidifier 2 MJJSQ06DY";"";"FBO";"Xiaomi";"XD-STORE";2;0;1031;2705;3290;1931;"2768,7323";2678.5;2634;6138;16994479;"22274906,4036";"46306,4823";"5280427,4036";"23,7057";"https://www.ozon.ru/context/detail/id/898404886/";"https://cdn1.ozone.ru/s3/multimedia-p/6610672717.jpg";280;254;"21,6714";"4,72";1;3990;0;1;"16,7248";"6138";0
965870620;"Xiaomi Смартфон Redmi Note 12S Ростест (EAC) 8/256 ГБ, черный";"";"FBO";"Xiaomi";"СМАРТ ЭЛЕКТРОНИКС";0;0;4997;18574;28190;17664;"19438,4664";19995;18261;6006;116747429;"192135903,3318";"318112,8856";"75388474,3318";"39,2371";"https://www.ozon.ru/context/detail/id/965870620/";"https://cdn1.ozone.ru/s3/multimedia-k/6642132716.jpg";223;198;"24,9955";"4,92";1;32990;0;1;"16,3651";"0";0
181277987;"Напольные весы Xiaomi Body Composition Scale 2, белый";"Бытовая техника/Техника для красоты и здоровья/Весы напольные";"FBO";"Xiaomi";"RedBot Shop";120;0;2473;2607;2655;1785;"2275,2358";2379;2539;5896;13414790;"17274483,9649";"36552,5613";"3859693,9649";"22,3433";"https://www.ozon.ru/context/detail/id/181277987/";"https://cdn1.ozone.ru/s3/multimedia-1-g/6922253032.jpg";285;265;"19,7649";"4,86";1;3490;25;2;"16,0654";"98,27";4
664724194;"Внешний аккумулятор беспроводной Xiaomi Mi Wireless Power Bank, 10 000 мА•ч, черный (PLM11ZM/ BHR5460GL)";"";"FBO";"Xiaomi";"ОМК";0;0;316;2550;2990;1781;"2549,5011";2199;2448;5735;14621389;"25431515,4645";"39840,297";"10810126,4645";"42,5068";"https://www.ozon.ru/context/detail/id/664724194/";"https://cdn1.ozone.ru/s3/multimedia-v/6315982147.jpg";211;166;"27,1706";"4,97";0;3490;0;1;"15,6267";"7,09";52
865332512;"Кабель SmartFor 6A Type-C Fast Charging Data Cable белый 6A-120W Оригинал";"Электроника/Телефоны и смарт-часы/Аксессуары для смартфонов и телефонов/Кабели";"FBO";"Xiaomi";"Qcase";744;0;1489;646;790;555;"656,1156";665;621;5422;3557459;"3851290,4218";"9693,3488";"293831,4218";"7,6294";"https://www.ozon.ru/context/detail/id/865332512/";"https://cdn1.ozone.ru/s3/multimedia-u/6438799782.jpg";339;332;"15,9941";"4,88";0;990;434;2;"14,7738";"14,58";25
1010240419;"Отпариватель Xiaomi Mijia Handheld Ironing Machine";"Бытовая техника/Техника для дома/Утюги и отпариватели/Отпариватели";"FBO";"Xiaomi";"ИП Семенюк Е.С";1024;0;937;2147;3000;1826;"2167,4288";2030.5;2092;5348;11591409;"23633595,0167";"31584,2207";"12042186,0167";"50,9537";"https://www.ozon.ru/context/detail/id/1010240419/";"https://cdn1.ozone.ru/s3/multimedia-h/6858340217.jpg";180;174;"29,6556";"4,83";0;15999;89;3;"14,5722";"10,45";35
894971235;"Внешний аккумулятор Xiaomi Mi Power Bank 3, 10000 mAh с функцией быстрой зарядки";"";"FBO";"Xiaomi";"MegaSale";0;0;2558;1573;2150;1236;"1596,4876";1585;1515;5342;8528437;"10503142,2114";"23238,248";"1974705,2114";"18,8011";"https://www.ozon.ru/context/detail/id/894971235/";"https://cdn1.ozone.ru/s3/multimedia-i/6832719666.jpg";298;284;"17,7886";"4,89";0;4500;0;1;"14,5559";"0";0
1072404873;"Xiaomi Мини-принтер 001Фотопринетр. термо, Цветной";"Электроника/Фото и видеокамеры/Компактные фотопринтеры";"FBO";"Xiaomi";"OrangeMood";237;0;812;6036;8911;4103;"6380,1055";5971;5805;5203;33195689;"59719695,4069";"90451,4687";"26524006,4069";"44,4142";"https://www.ozon.ru/context/detail/id/1072404873/";"https://cdn1.ozone.ru/s3/multimedia-h/6835030145.jpg";204;196;"25,2647";"4,89";0;10000;7;3;"14,1771";"43,91";8
967551326;"Xiaomi Робот-пылесос E10, белый";"Бытовая техника/Техника для дома/Пылесосы/Роботы-пылесосы";"FBO";"Xiaomi";"СМАРТ ЭЛЕКТРОНИКС";157;0;1025;13083;17590;9020;"12345,6675";12973;12862;5076;62666608;"91994580,544";"170753,7003";"29327972,544";"31,8801";"https://www.ozon.ru/context/detail/id/967551326/";"https://cdn1.ozone.ru/s3/multimedia-a/6643491598.jpg";250;214;"20,112";"4,73";1;17990;53;5;"13,8311";"64,66";6
1033689462;"Беспроводные наушники Xiaomi Haylou X1 c двойным шумоподавлением, синие";"Электроника/Наушники и аудиотехника/Наушники";"FBO";"Xiaomi";"Первый Электронный";968;0;3462;2420;7200;1936;"2131,3767";2299;2331;4975;10603599;"18443226,6967";"28892,6403";"7839627,6967";"42,5068";"https://www.ozon.ru/context/detail/id/1033689462/";"https://cdn1.ozone.ru/s3/multimedia-n/6701030663.jpg";211;176;"22,4313";"4,77";0;3120;331;2;"13,5559";"10,28";36
726145804;"Xiaomi Мышь беспроводная Mi Duаl Mоde Wireless Silent Edition, черный";"";"FBO";"Xiaomi";"ОМК";0;0;478;1399;1699;799;"1103,3909";1189;1357;4973;5487163;"11004310,4973";"14951,3978";"5517147,4973";"50,1362";"https://www.ozon.ru/context/detail/id/726145804/";"https://cdn1.ozone.ru/s3/multimedia-b/6026847803.jpg";183;144;"27,1311";"4,82";0;1790;0;1;"13,5504";"6,06";61
768754275;"Xiaomi Робот-пылесос Mi Robot Vacuum-Mop 2 Lite, белый";"";"FBO";"Xiaomi";"ОМК";0;0;1189;12573;19057;9759;"10372,113";12999;12573;4931;51144889;"206265651,2418";"139359,3706";"155120762,2418";"75,2044";"https://www.ozon.ru/context/detail/id/768754275/";"https://cdn1.ozone.ru/s3/multimedia-x/6286685925.jpg";91;64;"54,1538";"4,75";0;18990;0;1;"13,436";"2,17";169
1011339480;"Машинка для удаления катышков Xiaomi Mijia Rechargeable Lint Remover беспроводная";"Одежда/Уход за одеждой/Машинки для удаления катышков";"FBO";"Xiaomi";"ИП Семенюк Е.С";0;0;1108;832;1200;647;"835,658";811;810;4898;4093053;"6008601,804";"11152,733";"1915548,804";"31,8801";"https://www.ozon.ru/context/detail/id/1011339480/";"https://cdn1.ozone.ru/s3/multimedia-w/6858720284.jpg";250;206;"19,276";"4,91";0;4999;67;2;"13,346";"0";0
626923781;"Медиаплеер Xiaomi Mi TV Stick 4K (РСТ,MDZ-27-AA)";"";"FBO";"Xiaomi";"""Альфакомп""";0;0;1572;4955;5882;3759;"4415,3842";4597.5;4826;4873;21516167;"28924664,0623";"58627,158";"7408497,0623";"25,6131";"https://www.ozon.ru/context/detail/id/626923781/";"https://cdn1.ozone.ru/s3/multimedia-e/6359051774.jpg";273;231;"17,5385";"4,9";0;8999;0;1;"13,2779";"0";0
717194128;"Отпариватель вертикальный для одежды, парогенератор GT-306LW, отпариватель ручной, белый";"";"FBO";"Xiaomi";"XD-STORE";0;0;1262;1312;2487;1163;"2131,6503";2090;1276;4838;10312924;"10783028,7977";"28100,6104";"470104,7977";"4,3597";"https://www.ozon.ru/context/detail/id/717194128/";"https://cdn1.ozone.ru/s3/multimedia-w/6415606604.jpg";351;333;"13,7578";"4,83";0;2790;0;1;"13,1826";"23,09";16
284914331;"Дозатор для жидкого мыла сенсорный Xiaomi Mijia Automatic Foam Soap Dispenser / автоматический диспенсер";"Дом и сад/Хозяйственные товары/Аксессуары для ванной/Диспенсеры и дозаторы";"FBO";"Xiaomi";"XiaomiStore";28;0;1542;1204;1890;1127;"1358,1612";1449;1163;4745;6444475;"7629426,8548";"17559,8774";"1184951,8548";"15,5313";"https://www.ozon.ru/context/detail/id/284914331/";"https://cdn1.ozone.ru/s3/multimedia-0/6319298436.jpg";310;280;"15,0226";"4,88";0;2590;41;2;"12,9292";"338,93";1
831500365;"Тв-приставка Xiaomi Mi TV Stick 4K UHD Android 11";"";"FBO";"Xiaomi";"Mi Store";0;0;1628;4022;5490;3088;"4149,6491";3992;3918;4717;19573895;"64139459,5089";"53334,8638";"44565564,5089";"69,4823";"https://www.ozon.ru/context/detail/id/831500365/";"https://cdn1.ozone.ru/s3/multimedia-f/6478761495.jpg";112;106;"36,3393";"4,89";0;6980;0;1;"12,8529";"0";0
955516583;"Монопод-трипод селфи палка Xiaomi Mi, Bluetooth, черный";"Электроника/Фото и видеокамеры/Аксессуары для фото и видеотехники/Моноподы для селфи";"FBO";"Xiaomi";"My-project";93;0;1175;1548;1690;990;"1346,7509";1346;1487;4680;6302794;"8411365,0836";"17173,8256";"2108571,0836";"25,0681";"https://www.ozon.ru/context/detail/id/955516583/";"https://cdn1.ozone.ru/s3/multimedia-j/6251897311.jpg";275;272;"16,9418";"4,9";0;2300;31;3;"12,752";"100,65";4
686492772;"Фитнес-браслет Xiaomi Mi Band 7 / смарт часы / умные часы";"";"FBO";"Xiaomi";"Mi Store";0;0;2060;2392;3070;2131;"2822,6358";2700;2327;4668;13176064;"49343015,1837";"35902,0817";"36166951,1837";"73,297";"https://www.ozon.ru/context/detail/id/686492772/";"https://cdn1.ozone.ru/s3/multimedia-c/6592596888.jpg";98;95;"46,2653";"4,85";0;3490;0;1;"12,7193";"9336";0
1011327900;"Машинка для удаления катышков, машинка против катышков Mijia Rechargeable Lint Remover";"Одежда/Уход за одеждой/Машинки для удаления катышков";"FBO";"Xiaomi";"Powerhouse";304;99;2404;916;990;746;"871,8643";870;891;4658;4061144;"6369401,0598";"11065,7875";"2308257,0598";"36,2398";"https://www.ozon.ru/context/detail/id/1011327900/";"https://cdn1.ozone.ru/s3/multimedia-z/6687214955.jpg";234;184;"19,5641";"4,91";1;1500;164;2;"12,6921";"30,64";12
955518335;"Xiaomi Электрическая зубная щетка Mijia (Electric Toothbrush)T-100, белый";"Детские товары/Подгузники и гигиена/Здоровье и уход за ребенком/Зубные щетки";"FBO";"Xiaomi";"My-project";103;0;7010;803;873;551;"749,884";789;782;4629;3471213;"5075438,9283";"9458,346";"1604225,9283";"31,6076";"https://www.ozon.ru/context/detail/id/955518335/";"https://cdn1.ozone.ru/s3/multimedia-b/6304596371.jpg";251;243;"18,1633";"4,89";0;1990;161;7;"12,6131";"89,88";4
873515160;"Повербанк (powerbank) Xiaomi Power Bank 3 10000 mah с быстрой зарядкой/внешний аккумулятор портативный, переносной, туристический, универсальный для телефона/смартфона, черный";"Электроника/Аксессуары для электроники/Внешние аккумуляторы";"FBO";"Xiaomi";"higadget";214;0;1064;1845;2399;1277;"1826,2345";1820;1776;4609;8417115;"11973182,9651";"22934,9183";"3556067,9651";"29,7003";"https://www.ozon.ru/context/detail/id/873515160/";"https://cdn1.ozone.ru/s3/multimedia-t/6702513581.jpg";258;241;"17,7829";"4,91";0;2333;77;1;"12,5586";"43,07";9
658694209;"Фитнес-браслет Xiaomi Smart Band 7, черный";"";"FBO";"Xiaomi";"СМАРТ ЭЛЕКТРОНИКС";2;0;1029;2732;3990;2618;"3379,7057";3377;2681;4604;15560165;"21308136,3993";"42398,2698";"5747971,3993";"26,9755";"https://www.ozon.ru/context/detail/id/658694209/";"https://cdn1.ozone.ru/s3/multimedia-h/6637795325.jpg";268;207;"17,1642";"4,92";0;5590;0;1;"12,545";"4604";0
862235702;"Фотопринтер Xiaomi Mijia AR ZINK, портативный с цветной термопечатью";"";"FBO";"Xiaomi";"MS24";0;0;745;5269;8922;4674;"5309,9309";5293;5092;4530;24053987;"49594456,3427";"65542,1989";"25540469,3427";"51,4986";"https://www.ozon.ru/context/detail/id/862235702/";"https://cdn1.ozone.ru/s3/multimedia-5/6675321245.jpg";178;166;"23,8876";"4,82";0;8990;-1;0;"12,3433";"0";0
833193480;"Xiaomi Телевизор TV A2 55"" 4K UHD, черный";"Электроника/Телевизоры и видеотехника/Телевизоры";"FBO";"Xiaomi";"ООО ""ТОП СОРСИНГ""";123;0;6819;36867;56990;29034;"37190,7403";39257;36033;4494;167135187;"258812715,7342";"455409,2289";"91677528,7342";"35,4223";"https://www.ozon.ru/context/detail/id/833193480/";"https://cdn1.ozone.ru/s3/multimedia-7/6711810991.jpg";237;224;"18,0084";"4,83";0;59990;90;2;"12,2452";"73,07";5
809905312;"ТВ-приставка Xiaomi Mi TV Stick HDR (MDZ-24-AA) для телевизора (медиаплеер / тв стик) Global EU";"Электроника/Телевизоры и видеотехника/ТВ-приставки и медиаплееры";"FBO";"Xiaomi";"Foxpox.ru";1380;0;918;4430;8704;3066;"3768,0826";3748;4315;4490;16918691;"21940493,2756";"46099,9755";"5021802,2756";"22,8883";"https://www.ozon.ru/context/detail/id/809905312/";"https://cdn1.ozone.ru/s3/multimedia-8/6869914316.jpg";283;251;"15,7668";"4,69";0;14990;7;2;"12,2343";"6,51";56
973864338;"TV-приставка Xiaomi Mi TV Stick 4K (MDZ-27-AA) (EAC), черный";"";"FBO";"Xiaomi";"DASH";0;0;1050;5053;5650;3450;"4563,109";4613;4922;4487;20474670;"40398945,6452";"55789,2916";"19924275,6452";"49,3188";"https://www.ozon.ru/context/detail/id/973864338/";"https://cdn1.ozone.ru/s3/multimedia-h/6647103377.jpg";186;184;"23,8763";"4,89";0;6990;0;1;"12,2262";"0";0
927143463;"Xiaomi Смартфон Redmi Note 12 Ростест (EAC) 6/128 ГБ, серый";"Электроника/Телефоны и смарт-часы/Смартфоны";"FBO";"Xiaomi";"СМАРТ ЭЛЕКТРОНИКС";249;0;5050;13913;20974;13913;"15837,3991";16115;13683;4483;70999060;"120632662,1296";"193457,9292";"49633602,1296";"41,1444";"https://www.ozon.ru/context/detail/id/927143463/";"https://cdn1.ozone.ru/s3/multimedia-f/6722935575.jpg";216;193;"20,338";"4,91";1;24990;168;1;"12,2153";"36,01";10
178229697;"Жидкое мыло для рук, набор из 3 блоков сменного мыла для сенсорной мыльницы Xiaomi Mijia Automatic Induction Soap Dispenser, аромат ""Дыня""";"";"FBO";"Xiaomi";"Berkat";0;0;1307;972;1359;632;"892,4274";973;937;4368;3898123;"9170584,2372";"10621,5886";"5272461,2372";"57,4932";"https://www.ozon.ru/context/detail/id/178229697/";"https://cdn1.ozone.ru/s3/multimedia-b/6324374555.jpg";156;148;"27,5577";"4,93";0;3000;0;1;"11,9019";"16,36";22
763818875;"Умные весы XIAOMI Mi Body Composition Scale 2";"";"FBO";"Xiaomi";"diMoll";60;0;518;2815;3290;1981;"2784,3582";2588;2742;4257;11853013;"13181987,1848";"32297,0381";"1328974,1848";"10,0817";"https://www.ozon.ru/context/detail/id/763818875/";"https://cdn1.ozone.ru/s3/multimedia-a/6794347474.jpg";330;240;"12,8697";"4,89";1;4738;0;1;"11,5995";"86,88";4
998973577;"Сетевое зарядное устройство для телефона Xiaomi Mi 20W Charger (Type-C) 20Вт BHR4927GL";"";"FBO";"Xiaomi";"XD-STORE";0;0;787;859;990;747;"873,94";865;826;4166;3640834;"5498708,1399";"9920,5286";"1857874,1399";"33,7875";"https://www.ozon.ru/context/detail/id/998973577/";"https://cdn1.ozone.ru/s3/multimedia-6/6704416842.jpg";243;245;"16,8148";"4,94";0;1090;-1;0;"11,3515";"0";0
847782460;"Внешний аккумулятор Xiaomi Mi Power Bank 3, 20000 mAh с функцией быстрой зарядки";"Электроника/Аксессуары для электроники/Внешние аккумуляторы";"FBO";"Xiaomi";"MegaSale";167;0;2555;2529;2950;1912;"2552,4044";2590;2435;4147;10584821;"11004615,6006";"28841,4741";"419794,6006";"3,8147";"https://www.ozon.ru/context/detail/id/847782460/";"https://cdn1.ozone.ru/s3/multimedia-v/6832713739.jpg";353;326;"11,7479";"4,89";0;4000;996;1;"11,2997";"39,5";9
833192751;"Xiaomi Телевизор TV A2 50"" 4K UHD, черный";"Электроника/Телевизоры и видеотехника/Телевизоры";"FBO";"Xiaomi";"ООО ""ТОП СОРСИНГ""";118;0;6823;34584;44990;26286;"32756,5299";33670;33759;4061;133024268;"190702759,2031";"362463,9455";"57678491,2031";"30,2452";"https://www.ozon.ru/context/detail/id/833192751/";"https://cdn1.ozone.ru/s3/multimedia-7/6711810991.jpg";256;242;"15,2109";"4,83";0;49990;83;1;"11,0654";"68,83";5
1033368691;"Xiaomi Смартфон Redmi 12 Ростест (EAC) 8/256 ГБ, черный";"";"FBO";"Xiaomi";"Xiaomi Official Store";0;0;2097;12211;21490;12211;"15363,0017";16641;11920;4026;61851445;"122699893,5946";"168532,5477";"60848448,5946";"49,5913";"https://www.ozon.ru/context/detail/id/1033368691/";"https://cdn1.ozone.ru/s3/multimedia-h/6679980989.jpg";185;149;"21,4162";"4,89";1;21490;0;1;"10,97";"0";0
862346606;"Саундбар для телевизора, компьютера Xiaomi Redmi TV Soundbar Домашний кинотеатр акустика (Bluetooth, 3.5 мм, колонка крепиться на стену)";"Электроника/Наушники и аудиотехника/Акустические системы/Саундбары";"FBO";"Xiaomi";"MS24";373;0;1054;3682;4990;2666;"3483,2103";3425;3584;3976;13849244;"19548740,5692";"37736,3597";"5699496,5692";"29,1553";"https://www.ozon.ru/context/detail/id/862346606/";"https://cdn1.ozone.ru/s3/multimedia-m/6792931030.jpg";260;246;"14,7846";"4,78";0;6590;5;3;"10,8338";"17,52";21
1215212045;"Xiaomi Смартфон Redmi Note 12 Ростест (EAC) 8/256 ГБ, серый";"";"FBO";"Xiaomi";"СМАРТ ЭЛЕКТРОНИКС";1;0;5040;16978;24990;16056;"18216,2832";18391;16693;3976;72427942;"192616338,5072";"197351,3406";"120188396,5072";"62,3978";"https://www.ozon.ru/context/detail/id/1215212045/";"https://cdn1.ozone.ru/s3/multimedia-f/6781222023.jpg";138;116;"28,6957";"4,91";1;26990;0;1;"10,8338";"7952";0
1099751771;"Ирригатор Xiaomi Mijia Electric Flusher";"Бытовая химия и гигиена/Личная гигиена/Гигиена полости рта/Ирригаторы";"FBO";"Xiaomi";"ИП Семенюк Е.С";1140;0;609;3086;3290;1949;"3041,0637";3077;2980;3954;12024366;"38710020,3684";"32763,9401";"26685654,3684";"68,9373";"https://www.ozon.ru/context/detail/id/1099751771/";"https://cdn1.ozone.ru/s3/multimedia-o/6860900724.jpg";114;113;"33,307";"4,92";0;6900;17;9;"10,7738";"6,94";53
886926135;"Беспроводные наушники Xiaomi Redmi AirDots. Bluetooth (блютуз) наушники с микрофоном, шумоподавлением.";"";"FBO";"Xiaomi";"KISSELL";0;0;1266;569;699;461;"526,4064";523.5;552;3905;2055617;"3609624,11";"5601,1362";"1554007,11";"43,0518";"https://www.ozon.ru/context/detail/id/886926135/";"https://cdn1.ozone.ru/s3/multimedia-n/6579483251.jpg";209;201;"18,0909";"3,99";0;3999;0;1;"10,6403";"0";0
318803426;"Сменные насадки для электрической зубной щетки Xiaomi Mijia Sonic Electric Toothbrush T100 3шт.";"Бытовая техника/Техника для красоты и здоровья/Электрические зубные щетки и аксессуары/Насадки";"FBO";"Xiaomi";"XD-STORE";17;0;1389;489;690;329;"410,0284";434;471;3875;1588860;"1990142,0478";"4329,3188";"401282,0478";"20,1635";"https://www.ozon.ru/context/detail/id/318803426/";"https://cdn1.ozone.ru/s3/multimedia-0/6100515312.jpg";293;266;"12,959";"4,95";0;990;452;2;"10,5586";"54,2";7
1044787306;"Xiaomi Смартфон Redmi 12 Ростест (EAC) 8/256 ГБ, черный";"Электроника/Телефоны и смарт-часы/Смартфоны";"FBO";"Xiaomi";"СМАРТ ЭЛЕКТРОНИКС";430;0;2346;14256;17990;13777;"15078,4991";15171;14017;3809;57434003;"140521860,6733";"156495,921";"83087857,6733";"59,1281";"https://www.ozon.ru/context/detail/id/1044787306/";"https://cdn1.ozone.ru/s3/multimedia-f/6722852379.jpg";150;149;"24,8733";"4,9";1;19990;349;4;"10,3787";"17,72";21
757955677;"Беспроводные наушники с микрофоном Xiaomi Haylou ENVITEC GT7 черные";"";"FBO";"Xiaomi";"Первый Электронный";0;0;1543;1831;2500;1514;"2269,341";2300;1784;3806;8637112;"9844161,8137";"23534,3651";"1207049,8137";"12,2616";"https://www.ozon.ru/context/detail/id/757955677/";"https://cdn1.ozone.ru/s3/multimedia-j/6748305103.jpg";322;303;"11,7795";"4,69";0;3750;-1;0;"10,3706";"45,86";8
863901662;"Машинка для удаления катышков Xiaomi Mijia Rechargeable Lint Remover";"Одежда/Уход за одеждой/Машинки для удаления катышков";"FBO";"Xiaomi";"MS24";205;0;764;879;1190;601;"861,3332";799;855;3799;3272205;"3431140,6714";"8916,0899";"158935,6714";"4,6322";"https://www.ozon.ru/context/detail/id/863901662/";"https://cdn1.ozone.ru/s3/multimedia-2/6585245318.jpg";350;303;"10,7457";"4,93";0;1490;35;1;"10,3515";"19,94";18
1072569160;"Электрический триммер для ногтей Xiaomi";"";"FBO";"Xiaomi";"GigFight";0;0;827;859;2350;795;"1154,0144";1000;828;3744;4320630;"22023211,25";"11772,8338";"17702581,25";"80,3815";"https://www.ozon.ru/context/detail/id/1072569160/";"https://cdn1.ozone.ru/s3/multimedia-1/6709507093.jpg";72;65;"50,9583";"4,77";0;5500;0;1;"10,2016";"0";0
726145806;"Xiaomi Мышь беспроводная Mi Duаl Mоde Wireless Silent Edition, белый";"";"FBO";"Xiaomi";"ОМК";0;0;478;1490;1899;793;"1096,8224";1189;1445;3722;4082373;"7683235,3385";"11123,6322";"3600862,3385";"46,8665";"https://www.ozon.ru/context/detail/id/726145806/";"https://cdn1.ozone.ru/s3/multimedia-9/6026847801.jpg";195;149;"19,0667";"4,82";0;1790;0;1;"10,1417";"5,52";67
668365458;"Набор гелевых ручек Xiaomi комплект 10 шт / ручка с черными чернилами тонкое перо 0.5 мм / выгодный набор для письма канцелярия для школы";"";"FBO";"Xiaomi";"GEEKHOME.RU - Магазин умных гаджетов";0;0;941;397;397;308;"378,6568";354;389;3700;1401030;"1810485,9507";"3817,5204";"409455,9507";"22,6158";"https://www.ozon.ru/context/detail/id/668365458/";"https://cdn1.ozone.ru/s3/multimedia-t/6384373973.jpg";284;266;"12,9754";"4,92";0;800;0;1;"10,0817";"7400";0
848246231;"Устройство зарядное сетевое Mi 33W Wall Charger (Type-A+Type-C) AD332EU (BHR4996GL)";"Электроника/Аксессуары для электроники/Сетевые зарядные устройства";"FBO";"Xiaomi";"GoGeek";17;0;821;1507;1690;971;"1259,4702";1227;1448;3690;4647445;"5629083,5479";"12663,3379";"981638,5479";"17,4387";"https://www.ozon.ru/context/detail/id/848246231/";"https://cdn1.ozone.ru/s3/multimedia-h/6541690109.jpg";303;297;"11,835";"4,9";0;1890;816;2;"10,0545";"68,97";5
545787270;"Мышь компьютерная беспроводная, бесшумная оптическая Xiaomi Mi Dual Mode Wireless Mouse Silent Edition (2 режима подключения: Bluetooth или USB), белый / для Apple Mac Macbook, Смарт тв телевизора, компьютера, ноутбука, планшета, офисная мышка";"Электроника/Компьютеры/Периферия/Мыши";"FBO";"Xiaomi";"GEEKHOME.RU - Магазин умных гаджетов";141;0;1860;1311;1513;1049;"1250,9496";1233;1271;3673;4594738;"5696854,2095";"12519,7221";"1102116,2095";"19,346";"https://www.ozon.ru/context/detail/id/545787270/";"https://cdn1.ozone.ru/s3/multimedia-x/6407565897.jpg";296;282;"12,2872";"4,87";0;2500;123;2;"10,0082";"44,52";8
1225334588;"Ручной отпариватель Xiaomi Mijia Handheld Ironing Machine Steamer для одежды и белья MJGTJ01LF 1200W";"Бытовая техника/Техника для дома/Утюги и отпариватели/Отпариватели";"FBO";"Xiaomi";"Boroks";439;0;499;2173;3500;1706;"1978,0634";2015;2117;3641;7202129;"19015693,1151";"19624,3297";"11813564,1151";"62,1253";"https://www.ozon.ru/context/detail/id/1225334588/";"https://cdn1.ozone.ru/s3/multimedia-1-i/6917043870.jpg";139;132;"26,1007";"4,83";0;7999;35;3;"9,921";"16,59";22
939149920;"Mi Зарядное устройство для телефонов Xiaomi, Mi, Redmi 33 W, адаптер питания + кабель Type-C";"Электроника/Аксессуары для электроники/Сетевые зарядные устройства";"FBO";"Xiaomi";"SALE";299;0;971;578;791;577;"643,9067";644;556;3622;2332230;"3566368,375";"6354,8501";"1234138,375";"34,6049";"https://www.ozon.ru/context/detail/id/939149920/";"https://cdn1.ozone.ru/s3/multimedia-1-s/6929508628.jpg";240;244;"14,8708";"4,45";0;1799;115;2;"9,8692";"24,23";15
1068268296;"Кабель для быстрой зарядки Xiaomi USB - Type C 100см / шнур питания телефона / USB-C провод для смартфона и планшета";"Электроника/Телефоны и смарт-часы/Аксессуары для смартфонов и телефонов/Кабели";"FBO";"Xiaomi";"GEEKHOME.RU - Магазин умных гаджетов";335;0;802;398;424;343;"389,6108";398;390;3615;1408443;"2190248,2246";"3837,7193";"781805,2246";"35,6948";"https://www.ozon.ru/context/detail/id/1068268296/";"https://cdn1.ozone.ru/s3/multimedia-j/6728301775.jpg";236;237;"15,2627";"4,75";1;800;882;2;"9,8501";"21,58";17
738312310;"Отпариватель Lofans GT-306LW (экосистема Xiaomi) (Русская версия), белый";"Бытовая техника/Техника для дома/Утюги и отпариватели/Отпариватели";"FBO";"Xiaomi";"MOBISTORE24.RU";0;0;998;1959;2550;1610;"1950,114";2100;1909;3615;7049662;"10962821,839";"19208,8883";"3913159,839";"35,6948";"https://www.ozon.ru/context/detail/id/738312310/";"https://cdn1.ozone.ru/s3/multimedia-y/6470862826.jpg";236;224;"15,25";"4,84";0;2990;348;3;"9,8501";"22,88";16
1030626004;"Фен для волос Xiaomi Mi Ionic профессиональный с насадками для сушки и укладки / фен для волос с ионизацией, складной, дорожный / стайлер для волос с петлей для подвешивания / для кудрявых, прямых и непослушных волос, для локонов / в подарок / белый";"Бытовая техника/Техника для красоты и здоровья/Фены и аксессуары/Фены и фены-щетки";"FBO";"Xiaomi";"Project X";532;0;1048;2921;5599;2018;"2677,2989";2769;2846;3600;9638276;"15181318,8498";"26262,3324";"5543042,8498";"36,5123";"https://www.ozon.ru/context/detail/id/1030626004/";"https://cdn1.ozone.ru/s3/multimedia-3/6674248407.jpg";233;223;"15,3777";"4,89";1;5999;357;2;"9,8093";"13,53";27
529133227;"Наушники проводные Xiaomi Mi Capsule Headphones с микрофоном для телефона";"";"FBO";"Xiaomi";"Mi Store";0;0;1054;628;780;532;"653,4867";720;604;3538;2312036;"7576046,5357";"6299,8256";"5264010,5357";"69,4823";"https://www.ozon.ru/context/detail/id/529133227/";"https://cdn1.ozone.ru/s3/multimedia-r/6558456687.jpg";112;94;"30,7946";"4,8";0;1650;0;1;"9,6403";"11,34";32
335238979;"Помпа для воды электрическая Sothing Water Pump кулер насос для воды";"Бытовая техника/Крупная бытовая техника/Кулеры и диспенсеры для воды";"FBO";"Xiaomi";"XD-STORE";65;0;1287;897;990;728;"872,5256";887;873;3533;3082633;"3721468,1283";"8399,545";"638835,1283";"17,1662";"https://www.ozon.ru/context/detail/id/335238979/";"https://cdn1.ozone.ru/s3/multimedia-4/6528371536.jpg";304;273;"11,6053";"4,76";0;1690;53;4;"9,6267";"18,21";20
302965721;"Xiaomi Диспенсер для мыла сенсорный, 320 мл, 1 шт";"";"FBO";"Xiaomi";"XD-STORE";0;0;992;1178;1560;1003;"1179,6384";1265;1137;3529;4162944;"6851123,0852";"11343,1717";"2688179,0852";"39,2371";"https://www.ozon.ru/context/detail/id/302965721/";"https://cdn1.ozone.ru/s3/multimedia-7/6344990779.jpg";223;204;"15,2332";"4,87";0;2390;-1;0;"9,6158";"227,68";2
1200402662;"Внешний аккумулятор Mi NDY-02-AN 10000 mAh, зарядное устройство для телефона Power Bank Xiaomi 10000 mAh, серебристый";"";"FBO";"Xiaomi";"MP Hero";0;0;1159;1290;1290;576;"653,6968";655.5;1290;3490;2281402;"11016770,1842";"6216,3542";"8735368,1842";"79,2916";"https://www.ozon.ru/context/detail/id/1200402662/";"https://cdn1.ozone.ru/s3/multimedia-g/6768646540.jpg";76;76;"44,5";"4,37";0;2990;0;1;"9,5095";"0";0
832394041;"Беспроводные наушники вкладыши Xiaomi Haylou X1 Neo White, белые";"Электроника/Наушники и аудиотехника/Наушники";"FBO";"Xiaomi";"Первый Электронный";795;0;2189;1555;2960;1361;"1736,3242";1852;1496;3486;6052826;"7007530,4164";"16492,7139";"954704,4164";"13,624";"https://www.ozon.ru/context/detail/id/832394041/";"https://cdn1.ozone.ru/s3/multimedia-7/6771904819.jpg";317;287;"10,9653";"4,75";0;2700;157;2;"9,4986";"7,35";50
647620339;"Xiaomi Смартфон Redmi 10C Ростест 3/64 ГБ, зеленый";"Электроника/Телефоны и смарт-часы/Смартфоны";"FBO";"Xiaomi";"diMoll";2048;0;3565;7110;15990;7110;"8032,1595";15990;6928;3479;27943883;"109100053,8404";"76141,3706";"81156170,8404";"74,3869";"https://www.ozon.ru/context/detail/id/647620339/";"https://cdn1.ozone.ru/s3/multimedia-1/6488851453.jpg";94;87;"37,0106";"4,86";1;9988;26;4;"9,4796";"3,4";108
494958988;"Робот-пылесос Xiaomi Mijia Robot Vacuum Mop 2 LDS, белый";"Бытовая техника/Техника для дома/Пылесосы/Роботы-пылесосы";"FBO";"Xiaomi";"Mega Store";69;0;1963;19356;26990;18459;"21091,165";20796;18875;3478;73355072;"76048902,3277";"199877,5804";"2693830,3277";"3,5422";"https://www.ozon.ru/context/detail/id/494958988/";"https://cdn1.ozone.ru/s3/multimedia-1-t/6924499157.jpg";354;309;"9,8249";"4,83";0;55490;193;5;"9,4768";"44,03";8
1225509315;"Xiaomi OUKEELAR Ножницы маникюрные, электрические для стрижки и обработки ногтей / универсальный триммер для ухода за руками";"Красота и здоровье/Маникюр и педикюр/Инструменты и аксессуары/Маникюрные ножницы";"FBO";"Xiaomi";"GigFight";1126;0;468;1707;2300;989;"1755,6148";1795;1647;3437;6034048;"19090479,4483";"16441,5477";"13056431,4483";"68,3924";"https://www.ozon.ru/context/detail/id/1225509315/";"https://cdn1.ozone.ru/s3/multimedia-1-i/6936473826.jpg";116;116;"29,2931";"4,81";0;3000;6;3;"9,3651";"6,1";60
871734379;"Отпариватель Lofans GT-306LW (экосистема Xiaomi) (Русская версия), белый";"";"FBO";"Xiaomi";"MS24";3;0;952;1860;2590;1564;"1913,6064";2046;1812;3427;6557929;"7497694,5265";"17869,0163";"939765,5265";"12,5341";"https://www.ozon.ru/context/detail/id/871734379/";"https://cdn1.ozone.ru/s3/multimedia-y/6588002410.jpg";321;288;"10,4424";"4,83";0;3990;0;1;"9,3379";"2284,67";0
955511229;"Электрическая отвертка для точных работ Xiaomi Mijia Precision Screwdriver Kit MJDDLSD003QW";"Строительство и ремонт/Инструменты/Ключи и отвертки/Отвертки";"FBO";"Xiaomi";"My-project";515;0;5340;2697;3676;2285;"2862,4728";3042.5;2605;3422;9795382;"15104643,6723";"26690,4142";"5309261,6723";"35,1499";"https://www.ozon.ru/context/detail/id/955511229/";"https://cdn1.ozone.ru/s3/multimedia-i/6543841110.jpg";238;214;"13,7437";"4,95";0;4990;10;2;"9,3243";"13,29";28
330824679;"Проводные наушники Xiaomi Piston Fresh Edition (HSEJ03JY)";"";"FBO";"Xiaomi";"XD-STORE";0;0;1433;567;690;515;"599,3733";606;546;3386;2029478;"3563724,5263";"5529,9128";"1534246,5263";"43,0518";"https://www.ozon.ru/context/detail/id/330824679/";"https://cdn1.ozone.ru/s3/multimedia-j/6671428651.jpg";209;196;"15,6986";"4,74";0;890;-1;0;"9,2262";"0";0
948172097;"Робот пылесос Xiaomi Robot Vacuum S10 EU";"Бытовая техника/Техника для дома/Пылесосы/Роботы-пылесосы";"FBO";"Xiaomi";"diMoll";154;0;588;19017;26090;17310;"19649,9726";19644;18541;3358;65984608;"172973936,6857";"179794,5722";"106989328,6857";"61,8529";"https://www.ozon.ru/context/detail/id/948172097/";"https://cdn1.ozone.ru/s3/multimedia-r/6770665647.jpg";140;135;"23,9857";"4,9";1;35122;39;3;"9,1499";"43,61";8
941409942;"Робот-пылесос Xiaomi Mijia Robot Vacuum Mop 3C Plus , моющий робот пылесос с сухой и влажной уборкой";"";"FBO";"Xiaomi";"MiStore";1;0;754;15654;29999;13993;"16008,1052";16567;15251;3327;53258966;"129443976,9669";"145119,7984";"76185010,9669";"58,8556";"https://www.ozon.ru/context/detail/id/941409942/";"https://cdn1.ozone.ru/s3/multimedia-2/6872686994.jpg";151;129;"21,2583";"4,68";0;45000;-1;0;"9,0654";"0";0
987642252;"Автоматический дозатор для жидкого мыла Xiaomi Mijia Automatic Foam Soap Dispenser / сенсорный";"";"FBO";"Xiaomi";"UltraStore";0;0;569;1291;2190;1097;"1295,2181";1275;1252;3315;4293648;"9004393,2343";"11699,3134";"4710745,2343";"52,3161";"https://www.ozon.ru/context/detail/id/987642252/";"https://cdn1.ozone.ru/s3/multimedia-r/6388034199.jpg";175;164;"18,2686";"4,9";0;2590;0;1;"9,0327";"0";0
987666138;"Отвертка с насадками Xiaomi MiJia Wiha Screwdriver 24 в 1 (MJJXLSD002QW)";"";"FBO";"Xiaomi";"UltraStore";1;0;671;1465;3100;1179;"1677,4008";1535.5;1413;3306;5545487;"14855428,6788";"15110,3188";"9309941,6788";"62,6703";"https://www.ozon.ru/context/detail/id/987666138/";"https://cdn1.ozone.ru/s3/multimedia-1-d/6919477069.jpg";137;136;"21,1971";"4,9";0;3990;0;1;"9,0082";"6612";0
720699376;"Внешний аккумулятор Xiaomi Redmi Fast Charge Power Bank, 10 000 мА/ч, черный (PB100LZM/ VXN4305GL)";"";"FBO";"Xiaomi";"ОМК";0;0;378;1199;1539;866;"1017,9017";1199;1199;3256;3314288;"16662242,411";"9030,7575";"13347954,411";"80,109";"https://www.ozon.ru/context/detail/id/720699376/";"https://cdn1.ozone.ru/s3/multimedia-7/6479522419.jpg";73;61;"44,5342";"4,89";0;2390;0;1;"8,8719";"4,53";81
647620848;"Xiaomi Смартфон Redmi 10C Ростест 3/64 ГБ, серый";"";"FBO";"Xiaomi";"diMoll";1497;0;3565;7110;15990;7110;"8195,5488";15990;6928;3240;26553578;"103671948,1489";"72353,0736";"77118370,1489";"74,3869";"https://www.ozon.ru/context/detail/id/647620848/";"https://cdn1.ozone.ru/s3/multimedia-o/6488852124.jpg";94;89;"34,4681";"4,86";1;19988;0;1;"8,8283";"4,33";85
162617523;"Xiaomi Диспенсер для мыла сенсорный Диспенсер/Дозатор Xiaomi Mi для жидкого мыла,мыла-пенки, 320 мл, 1 шт";"";"FBO";"Xiaomi";"GoGeek";0;0;1351;1137;1496;1058;"1320,0753";1396;1096;3229;4262523;"7668362,4559";"11614,5041";"3405839,4559";"44,4142";"https://www.ozon.ru/context/detail/id/162617523/";"https://cdn1.ozone.ru/s3/multimedia-p/6344989357.jpg";204;129;"15,2843";"4,84";0;2185;0;1;"8,7984";"21,6";17
955523705;"Xiaomi Напольные весы Mi Body Composition Scale 2, белый";"";"FBO";"Xiaomi";"My-project";0;0;1285;2225;2677;1713;"2173,9357";2158;2168;3189;6932681;"26503061,7396";"18890,139";"19570380,7396";"73,842";"https://www.ozon.ru/context/detail/id/955523705/";"https://cdn1.ozone.ru/s3/multimedia-u/6824096130.jpg";96;95;"28,5104";"4,87";0;2487;0;1;"8,6894";"0";0
769375038;"Xiaomi Планшет Redmi Pad, 10.61"", 128GB, серебристый";"";"FBO";"Xiaomi";"СМАРТ ЭЛЕКТРОНИКС";0;0;2162;17849;23760;16479;"18131,7512";18305;17549;3183;57713364;"100382960,1327";"157257,1226";"42669596,1327";"42,5068";"https://www.ozon.ru/context/detail/id/769375038/";"https://cdn1.ozone.ru/s3/multimedia-2/6641298434.jpg";211;168;"14,3033";"4,94";0;27990;0;1;"8,673";"59,5";6
953991043;"Xiaomi Фитнес-браслет Redmi Smart Band 2 GL, слоновая кость";"";"FBO";"Xiaomi";"СМАРТ ЭЛЕКТРОНИКС";0;0;2373;2184;2608;1817;"2093,4394";2134.5;2144;3168;6632016;"10628602,0611";"18070,8883";"3996586,0611";"37,6022";"https://www.ozon.ru/context/detail/id/953991043/";"https://cdn1.ozone.ru/s3/multimedia-a/6635264050.jpg";229;191;"13,821";"4,84";0;2990;0;1;"8,6322";"0";0
934520100;"Кубик-конструктор Xiaomi Color Fingertips Blocks (ZJMH02IQI)";"Детские товары/Игрушки и игры/Конструкторы/Пластиковый конструктор";"FBO";"Xiaomi";"Qcase";957;0;452;390;390;276;"379,6324";369.5;382;3161;1200018;"1398116,2095";"3269,8038";"198098,2095";"14,1689";"https://www.ozon.ru/context/detail/id/934520100/";"https://cdn1.ozone.ru/s3/multimedia-7/6621290323.jpg";315;291;"10,019";"4,87";0;490;270;2;"8,6131";"6,61";56
614843098;"Термометр комнатный с большим экраном и часами Miao (суббренд Xiaomi) Метеостанция домашняя / Градусник цифровой / Гигрометр электронный";"Бытовая техника/Климатическая техника/Погодные станции и датчики/Погодные станции";"FBO";"Xiaomi";"GEEKHOME.RU - Магазин умных гаджетов";313;0;621;727;729;557;"664,6276";659.5;705;3158;2098894;"3438812,9375";"5719,0572";"1339918,9375";"38,9646";"https://www.ozon.ru/context/detail/id/614843098/";"https://cdn1.ozone.ru/s3/multimedia-7/6708099715.jpg";224;213;"13,3214";"4,91";0;1100;23;4;"8,6049";"20,18";18
595059034;"Оригинальные сменные насадки для электрических зубных щеток Xiaomi Mijia T100, Комплект 3 шт., белый / запасные головки /";"Бытовая техника/Техника для красоты и здоровья/Электрические зубные щетки и аксессуары/Насадки";"FBO";"Xiaomi";"GEEKHOME.RU - Магазин умных гаджетов";165;0;623;489;583;364;"479,402";524;471;3147;1508678;"2754650,8756";"4110,8392";"1245972,8756";"45,2316";"https://www.ozon.ru/context/detail/id/595059034/";"https://cdn1.ozone.ru/s3/multimedia-0/6704393004.jpg";201;194;"15,5373";"4,94";0;1100;72;3;"8,5749";"38,15";10
503498320;"Умные весы XIAOMI Mi Body Composition Scale 2";"";"FBO";"Xiaomi";"MiEcomarket";0;0;1318;2451;3108;1667;"2286,5576";2238;2386;3144;7188937;"14338803,6902";"19588,3842";"7149866,6902";"49,8638";"https://www.ozon.ru/context/detail/id/503498320/";"https://cdn1.ozone.ru/s3/multimedia-w/6794349368.jpg";184;164;"16,038";"4,94";0;4662;-1;0;"8,5668";"89,83";4
298652696;"Mijia Наушники проводные с микрофоном, 3.5 мм, черный";"Электроника/Наушники и аудиотехника/Наушники";"FBO";"Mijia";"Berkat";2;0;975;548;670;338;"396,3232";388;526;3137;1243266;"3834274,1345";"3387,6458";"2591008,1345";"67,5749";"https://www.ozon.ru/context/detail/id/298652696/";"https://cdn1.ozone.ru/s3/multimedia-k/6570519092.jpg";119;111;"25,6555";"4,81";0;1199;1204;2;"8,5477";"19,98";18
1028100456;"Медиаплеер ТВ-приставка Xiaomi Mi TV Stick 4K MDZ-27-AA EU-версия";"";"FBO";"Xiaomi";"Electro inc.";0;0;1643;4578;5149;3751;"4254,8863";4507;4459;3130;13317794;"52555165,5699";"36288,267";"39237371,5699";"74,6594";"https://www.ozon.ru/context/detail/id/1028100456/";"https://cdn1.ozone.ru/s3/multimedia-1/6704858089.jpg";93;89;"33,5269";"4,9";0;5990;0;1;"8,5286";"0";0
668841077;"Кубик - антистресс Xiaomi (случайный цвет в упаковке) игрушка конструктор для детей и взрослых в подарок / Mijia Colorful Fidget Cube Blind Box";"Детские товары/Игрушки и игры/Игрушки-антистресс/Прочие антистрессы";"FBO";"Xiaomi";"GEEKHOME.RU - Магазин умных гаджетов";631;0;598;422;422;298;"379,5895";375;414;3099;1176348;"1686405,1406";"3205,3079";"510057,1406";"30,2452";"https://www.ozon.ru/context/detail/id/668841077/";"https://cdn1.ozone.ru/s3/multimedia-2/6384767354.jpg";256;249;"12,0703";"4,84";0;650;674;2;"8,4441";"9,81";37
955516116;"Весы напольные Xiaomi Mi Smart Scale 2 GL (XMTZC04HM)";"";"FBO";"Xiaomi";"My-project";0;0;2015;1508;1790;1205;"1355,2072";1394;1468;3093;4191656;"8270633,0753";"11421,406";"4078977,0753";"49,3188";"https://www.ozon.ru/context/detail/id/955516116/";"https://cdn1.ozone.ru/s3/multimedia-g/6380621212.jpg";186;152;"12,0215";"4,89";0;1990;0;1;"8,4278";"0";0
849212808;"Планшет для рисования графический детский Xiaomi Mijia LCD Writing Tablet 10"", белый (XMXHB01WC)";"Электроника/Ноутбуки, планшеты и электронные книги/Графические планшеты";"FBO";"Xiaomi";"HomeBit";193;50;943;1193;1384;940;"1136,33";1103;1158;3073;3491942;"4388844,911";"9514,8283";"896902,911";"20,436";"https://www.ozon.ru/context/detail/id/849212808/";"https://cdn1.ozone.ru/s3/multimedia-y/6641363518.jpg";292;281;"10,2192";"4,89";1;1950;10;1;"8,3733";"19,89";18
1123394302;"Беспроводные наушники Xiaomi Haylou X1 c двойным шумоподавлением, белые";"Электроника/Наушники и аудиотехника/Наушники";"FBO";"Xiaomi";"Первый Электронный";235;0;3440;2350;3200;1514;"2256,6974";2350;2263;3063;6912264;"14172072";"18834,5068";"7259808";"51,2262";"https://www.ozon.ru/context/detail/id/1123394302/";"https://cdn1.ozone.ru/s3/multimedia-z/6759960767.jpg";179;138;"16,7933";"4,77";0;3500;462;2;"8,346";"26,07";14
1033337139;"Xiaomi Смартфон Redmi 12 Ростест (EAC) 8/256 ГБ, синий";"";"FBO";"Xiaomi";"Xiaomi Official Store";0;0;2097;12512;21490;12498;"15575,2574";16641;12214;3050;47504535;"109648832,3585";"129440,1499";"62144297,3585";"56,6757";"https://www.ozon.ru/context/detail/id/1033337139/";"https://cdn1.ozone.ru/s3/multimedia-1/6679157977.jpg";159;127;"18,7044";"4,89";1;21490;0;1;"8,3106";"0";0
987662270;"Машинка для удаления катышков Xiaomi Mijia Rechargeable Lint Remover";"";"FBO";"Xiaomi";"UltraStore";0;0;1243;874;1590;633;"913,6819";850;850;3046;2783075;"6464484,3354";"7583,3106";"3681409,3354";"56,9482";"https://www.ozon.ru/context/detail/id/987662270/";"https://cdn1.ozone.ru/s3/multimedia-6/6792935370.jpg";158;148;"17,5696";"4,92";0;1890;0;1;"8,2997";"0";0
330815925;"Xiaomi Рюкзак";"";"FBO";"Xiaomi";"XD-STORE";0;0;1575;2134;2790;1609;"1999,3192";2098.5;2035;3029;6055938;"7559623,2857";"16501,1935";"1503685,2857";"19,891";"https://www.ozon.ru/context/detail/id/330815925/";"https://cdn1.ozone.ru/s3/multimedia-k/6335752832.jpg";294;277;"10,0204";"4,95";0;3990;-1;0;"8,2534";"6058";0
728924549;"Внешний аккумулятор повербанк Xiaomi Mi 50W Power Bank 3 Pro, 20 000 мА•ч, черный (PB200SZM/ BHR5121GL)";"";"FBO";"Xiaomi";"ОМК";0;0;204;3869;5590;3089;"3407,5855";3734;3869;3025;10307946;"13000055,6082";"28087,0463";"2692109,6082";"20,7084";"https://www.ozon.ru/context/detail/id/728924549/";"https://cdn1.ozone.ru/s3/multimedia-7/6355910551.jpg";291;159;"10,3918";"4,89";0;7489;0;1;"8,2425";"4,02";91
955516157;"Швабра с распылителем воды для мытья полов и окон (2 сменные насадки)";"Дом и сад/Хозяйственные товары/Инвентарь для уборки/Швабры";"FBO";"AVACLEAN";"My-project";189;0;1863;1143;1785;1107;"1458,3483";1435;1101;3009;4388170;"6365448,1818";"11956,8665";"1977278,1818";"31,0627";"https://www.ozon.ru/context/detail/id/955516157/";"https://cdn1.ozone.ru/s3/multimedia-4/6898000108.jpg";253;231;"11,7866";"4,84";0;2190;594;2;"8,1989";"31,84";12
751034372;"Xiaomi Смартфон Redmi 9A 2/32 ГБ, голубой";"";"FBO";"Xiaomi";"ОМК";0;0;1062;6460;8990;4218;"4875,1635";6489;6460;2972;14488986;"81807044,0308";"39479,5259";"67318058,0308";"82,2888";"https://www.ozon.ru/context/detail/id/751034372/";"https://cdn1.ozone.ru/s3/multimedia-k/6355489472.jpg";65;52;"45,6769";"4,86";0;9890;0;1;"8,0981";"3,52";104
807940465;"Машинка для удаления катышков Xiaomi Mijia Rechargeable Lint Remover";"Одежда/Уход за одеждой/Машинки для удаления катышков";"FBO";"Xiaomi";"MOBISTORE24.RU";105;0;671;806;1050;664;"733,3119";772;785;2940;2155937;"4470219,6554";"5874,4877";"2314282,6554";"51,7711";"https://www.ozon.ru/context/detail/id/807940465/";"https://cdn1.ozone.ru/s3/multimedia-2/6534558422.jpg";177;170;"16,4011";"4,93";0;1190;140;2;"8,0109";"56";7
174897388;"Кубик-конструктор антистресс Xiaomi MI Bunny Fingertips Blocks";"Детские товары/Игрушки и игры/Игрушки-антистресс/Прочие антистрессы";"FBO";"Xiaomi";"GoGeek";171;0;1483;397;397;303;"378,7164";373;389;2920;1105852;"1780033,7018";"3013,2207";"674181,7018";"37,8747";"https://www.ozon.ru/context/detail/id/174897388/";"https://cdn1.ozone.ru/s3/multimedia-v/6340980295.jpg";228;225;"12,2456";"4,85";0;490;785;1;"7,9564";"34,15";11
955511332;"Набор отверток для точных работ Mi 16in1 BHR4779GL";"Строительство и ремонт/Инструменты/Ключи и отвертки/Отвертки";"FBO";"Xiaomi";"My-project";297;0;5321;1452;1930;1147;"1527,4431";1538;1400;2916;4454024;"7602915,386";"12136,3052";"3148891,386";"41,4169";"https://www.ozon.ru/context/detail/id/955511332/";"https://cdn1.ozone.ru/s3/multimedia-4/6485786560.jpg";215;208;"13,5349";"4,95";0;2200;79;4;"7,9455";"19,64";19
1068128975;"Кабель для быстрой зарядки Xiaomi 5A USB Type C - USB Type C 150см 100w / шнур питания телефона и ноутбука Apple Macbook / USB-C провод для смартфона, планшета";"Электроника/Телефоны и смарт-часы/Аксессуары для смартфонов и телефонов/Кабели";"FBO";"Xiaomi";"GEEKHOME.RU - Магазин умных гаджетов";326;0;4194;741;789;573;"713,2855";716;713;2900;2068528;"3685193,0874";"5636,3161";"1616665,0874";"43,8692";"https://www.ozon.ru/context/detail/id/1068128975/";"https://cdn1.ozone.ru/s3/multimedia-g/6714460060.jpg";206;205;"14,0631";"4,88";0;1100;883;3;"7,9019";"17,79";21
587749973;"Внешний аккумулятор Redmi Power Bank 10000 mAh Micro-USB/USB-C (PB100LZM) QC3.0 (2xUSB) Чёрный";"";"FBO";"Xiaomi";"MiEcomarket";0;0;832;853;1590;779;"1210,3271";1287;820;2871;3474849;"4412697,519";"9468,2534";"937848,519";"21,2534";"https://www.ozon.ru/context/detail/id/587749973/";"https://cdn1.ozone.ru/s3/multimedia-z/6780819131.jpg";289;257;"9,1073";"4,81";0;2862;-1;0;"7,8229";"0";0
737276264;"Xiaomi 23.8"" Монитор Desktop Monitor 1C, черный";"";"FBO";"Xiaomi";"ОМК";0;0;243;8836;11990;7790;"9496,63";9990;8836;2851;27074892;"59145746,2143";"73773,5477";"32070854,2143";"54,2234";"https://www.ozon.ru/context/detail/id/737276264/";"https://cdn1.ozone.ru/s3/multimedia-3/6427766619.jpg";168;134;"16,9524";"4,93";0;13290;0;1;"7,7684";"5,78";63
1034538586;"Наушники проводные Xiaomi Mi Capsule Headphones с микрофоном для телефона";"";"FBO";"Xiaomi";"XD-STORE";0;0;691;510;649;437;"552,0608";574;490;2844;1570061;"2881061,935";"4278,0954";"1311000,935";"45,5041";"https://www.ozon.ru/context/detail/id/1034538586/";"https://cdn1.ozone.ru/s3/multimedia-m/6680599150.jpg";200;196;"13,975";"4,77";0;790;-1;0;"7,7493";"0";0
927149219;"Xiaomi Смартфон Redmi Note 12 Ростест (EAC) 6/128 ГБ, синий";"";"FBO";"Xiaomi";"СМАРТ ЭЛЕКТРОНИКС";5;0;5040;13913;20590;13913;"16045,0205";16065;13683;2828;45375318;"72403224,8087";"123638,4687";"27027906,8087";"37,3297";"https://www.ozon.ru/context/detail/id/927149219/";"https://cdn1.ozone.ru/s3/multimedia-o/6722935116.jpg";230;188;"11,2087";"4,91";1;24990;0;1;"7,7057";"1131,2";0
983737862;"Xiaomi Телевизор 43"" Full HD, черный";"Электроника/Телевизоры и видеотехника/Телевизоры";"FBO";"Xiaomi";"ООО ""ТОП СОРСИНГ""";133;0;570;22046;32990;17228;"21206,9724";23384;21547;2821;59824869;"134697711,184";"163010,5422";"74872842,184";"55,5858";"https://www.ozon.ru/context/detail/id/983737862/";"https://cdn1.ozone.ru/s3/multimedia-3/6653060535.jpg";163;147;"16,9571";"4,78";0;42990;30;2;"7,6866";"42,42";9
1011017574;"Xiaomi Дальномер Лазерный дальномер Xiaomi DUKA LS P Laser Range Finder 40 м ±0.03 мм";"Строительство и ремонт/Инструменты/Измерительные инструменты/Измерители длин и углов";"FBO";"Xiaomi";"HomeBit";244;138;664;1727;2290;1440;"1721,7414";1698;1667;2819;4853589;"10296341,9827";"13225,0381";"5442752,9827";"52,861";"https://www.ozon.ru/context/detail/id/1011017574/";"https://cdn1.ozone.ru/s3/multimedia-v/6673424251.jpg";173;149;"15,0694";"4,84";1;2560;10;2;"7,6812";"23,11";16
1044576374;"Xiaomi Наушники проводные с микрофоном, 3.5 мм, черный";"";"FBO";"Xiaomi";"Трейд-старт";0;0;518;623;790;461;"617,2107";657;599;2796;1725721;"4491770,2624";"4702,2371";"2766049,2624";"61,5804";"https://www.ozon.ru/context/detail/id/1044576374/";"https://cdn1.ozone.ru/s3/multimedia-6/6849803274.jpg";141;126;"19,4539";"4,82";0;1840;0;1;"7,6185";"0";0
625676603;"Пылесос для удаления пылевого клеща Mijia Dust Mite Vacuum Cleaner MJCMY01DY";"Бытовая техника/Техника для дома/Пылесосы/Ручные";"FBO";"Mijia";"VM-Grupp";10;0;545;5302;7490;3807;"4687,3656";4929;5194;2782;13040251;"14328659,0329";"35532,0191";"1288408,0329";"8,9918";"https://www.ozon.ru/context/detail/id/625676603/";"https://cdn1.ozone.ru/s3/multimedia-y/6880545034.jpg";334;292;"8,2934";"4,86";1;7990;57;1;"7,5804";"94,31";4
766914364;"Чайник электрический с датчиком температуры Xiaomi Qcooker Retro Electric Kettle (QS-1701)";"";"FBO";"Xiaomi";"XD-STORE";0;0;626;2505;3190;2152;"2518,9633";2661;2440;2776;6992642;"10692915,0583";"19053,5204";"3700273,0583";"34,6049";"https://www.ozon.ru/context/detail/id/766914364/";"https://cdn1.ozone.ru/s3/multimedia-0/6499131432.jpg";240;196;"11,4458";"4,81";0;3500;-1;0;"7,564";"51,41";7
1072559621;"Бесконтактный электронный термометр Xiaomi iHealth";"Аптека/Медицинские приборы/Термометры медицинские";"FBO";"Xiaomi";"GigFight";288;0;520;1702;2300;1500;"1780,9672";1797.5;1643;2772;4936841;"8273153,6393";"13451,8828";"3336312,6393";"40,327";"https://www.ozon.ru/context/detail/id/1072559621/";"https://cdn1.ozone.ru/s3/multimedia-4/6838081096.jpg";219;212;"12,6438";"4,65";0;4200;19;2;"7,5531";"19,25";19
846570846;"Увлажнитель воздуха Xiaomi Mijia Humidifier 2";"Бытовая техника/Климатическая техника/Увлажнители воздуха и аромадиффузоры";"FBO";"Xiaomi";"FroStore";718;36;658;3327;3327;1622;"2649,7308";2547;3240;2745;7273511;"14829880,7611";"19818,8311";"7556369,7611";"50,9537";"https://www.ozon.ru/context/detail/id/846570846/";"https://cdn1.ozone.ru/s3/multimedia-g/6862126120.jpg";180;156;"14,1667";"4,69";1;8220;16;2;"7,4796";"7,65";48
771734007;"Фитнес-браслет Xiaomi Mi Band 7 (версия CN), черный";"Электроника/Телефоны и смарт-часы/Фитнес-браслеты";"FBO";"Xiaomi";"MOBISTORE24.RU";1;0;493;2708;3930;2697;"2946,2208";3290;2637;2695;7940065;"13745301,2028";"21635,0545";"5805236,2028";"42,2343";"https://www.ozon.ru/context/detail/id/771734007/";"https://cdn1.ozone.ru/s3/multimedia-w/6477522932.jpg";212;160;"12,6132";"4,93";0;4990;6;1;"7,3433";"12,65";29
870256448;"Фитнес-браслет Xiaomi Mi Band 7 (версия CN), черный";"";"FBO";"Xiaomi";"MS24";0;0;747;2649;3850;2490;"2875,9629";3197;2577;2666;7667317;"9348522,7209";"20891,8719";"1681205,7209";"17,9837";"https://www.ozon.ru/context/detail/id/870256448/";"https://cdn1.ozone.ru/s3/multimedia-4/6585249316.jpg";301;259;"8,7143";"4,82";0;4990;0;1;"7,2643";"0";0
853534912;"Xiaomi Увлажнитель воздуха Humidifier 2 Lite, белый";"Бытовая техника/Климатическая техника/Увлажнители воздуха и аромадиффузоры";"FBO";"Xiaomi";"СМАРТ ЭЛЕКТРОНИКС";98;0;424;3622;4390;2167;"3201,5632";3086;3557;2660;8516158;"11929122,084";"23204,7902";"3412964,084";"28,6104";"https://www.ozon.ru/context/detail/id/853534912/";"https://cdn1.ozone.ru/s3/multimedia-5/6632803625.jpg";262;254;"9,9656";"4,85";1;6990;826;2;"7,248";"22,35";16
949475261;"ТВ-Адаптер Xiaomi Mi TV Stick 2K HDR, ТВ приставка для телевизора, Android TV, Адаптер для смарт ТВ";"";"FBO";"Xiaomi";"Youvendi";79;0;1125;4079;4990;3096;"3895,3341";3890;3980;2643;10295368;"17822641,7736";"28052,7738";"7527273,7736";"42,2343";"https://www.ozon.ru/context/detail/id/949475261/";"https://cdn1.ozone.ru/s3/multimedia-x/6630966177.jpg";212;189;"11,8962";"4,75";0;7490;-1;0;"7,2016";"0";0
628221026;"Xiaomi Смартфон Redmi 10C Ростест 4/64 ГБ, серый";"";"FBO";"Xiaomi";"diMoll";0;0;3583;11990;17990;8668;"9476,3778";11390;11990;2626;24884968;"46125167,9596";"67806,4523";"21240199,9596";"46,049";"https://www.ozon.ru/context/detail/id/628221026/";"https://cdn1.ozone.ru/s3/multimedia-o/6488852124.jpg";198;70;"13,2121";"4,86";0;14388;0;1;"7,1553";"175,07";2
948383613;"Xiaomi Рюкзак";"Аксессуары/Мужчинам/Сумки и рюкзаки/Рюкзаки";"FBO";"Xiaomi";"My-project";25;0;2310;713;797;511;"652,4444";676;678;2610;1702880;"2200552,6761";"4640";"497672,6761";"22,6158";"https://www.ozon.ru/context/detail/id/948383613/";"https://cdn1.ozone.ru/s3/multimedia-2/6254396594.jpg";284;266;"8,9437";"4,88";0;1190;4013;3;"7,1117";"208,8";2
964442681;"Внешний аккумулятор Xiaomi Power Bank 3 20000mAh USB-C Quick Charge 3.0";"Электроника/Аксессуары для электроники/Внешние аккумуляторы";"FBO";"Xiaomi";"My-project";158;0;908;2392;2790;1334;"2119,2998";2320;2303;2602;5514418;"7695024,3574";"15025,6621";"2180606,3574";"28,3379";"https://www.ozon.ru/context/detail/id/964442681/";"https://cdn1.ozone.ru/s3/multimedia-e/6786378194.jpg";263;190;"9,8441";"4,91";0;2990;497;1;"7,0899";"32,94";11
647620836;"Xiaomi Смартфон Redmi 10C Ростест 3/64 ГБ, синий";"Электроника/Телефоны и смарт-часы/Смартфоны";"FBO";"Xiaomi";"diMoll";1140;0;3576;7021;15990;7021;"8048,9337";10500;6842;2593;20870885;"81485263,7766";"56868,8965";"60614378,7766";"74,3869";"https://www.ozon.ru/context/detail/id/647620836/";"https://cdn1.ozone.ru/s3/multimedia-f/6488852475.jpg";94;91;"27,5851";"4,86";1;19988;6223;4;"7,0654";"4,55";81
1108597562;"Умная метеостанция Xiaomi Bluetooth Mijia Thermometer, Гигрометр Погодная станция Mi, Датчик температуры и влажности, цифровой комнатный Термометр, градусник электронный - 3 шт";"Бытовая техника/Климатическая техника/Погодные станции и датчики/Погодные станции";"FBO";"Xiaomi";"GEEKHOME.RU - Магазин умных гаджетов";566;0;3203;1432;1785;1127;"1283,6209";1279;1394;2593;3328429;"9694709,8651";"9069,2888";"6366280,8651";"65,6676";"https://www.ozon.ru/context/detail/id/1108597562/";"https://cdn1.ozone.ru/s3/multimedia-8/6716710052.jpg";126;123;"20,5794";"4,89";0;2100;164;3;"7,0654";"9,16";40
861610769;"Xiaomi Робот-пылесос Robot 3C (CN версия) Sweeping Vacuum Cleaner Mop, белый, светло-серый";"Бытовая техника/Техника для дома/Пылесосы/Роботы-пылесосы";"FBO";"Xiaomi";"kitbrand";20;0;750;16248;20390;14490;"16413,8429";16236.5;15855;2590;42511853;"50328548,5516";"115836,1117";"7816695,5516";"15,5313";"https://www.ozon.ru/context/detail/id/861610769/";"https://cdn1.ozone.ru/s3/multimedia-y/6554698078.jpg";310;212;"8,3548";"4,81";0;23990;233;1;"7,0572";"259";1
617997954;"Маникюрный набор Xiaomi Mijia nail clippers 5 в 1 для маникюра педикюра ногтей мужской женский";"";"FBO";"Xiaomi";"XD-STORE";0;0;880;710;990;620;"728,3253";756;684;2582;1880536;"2035860,5074";"5124,0763";"155324,5074";"7,6294";"https://www.ozon.ru/context/detail/id/617997954/";"https://cdn1.ozone.ru/s3/multimedia-p/6491874109.jpg";339;315;"7,5103";"4,83";0;1390;-1;0;"7,0354";"18,25";20
955513651;"Прикроватная лампа ночник Xiaomi Bedside Lamp 2 MUE4093GL";"Дом и сад/Освещение/Напольные и настольные светильники/Ночники";"FBO";"Xiaomi";"My-project";128;0;554;3847;4490;3031;"3564,3176";3578;3714;2569;9156732;"14739125,6316";"24950,2234";"5582393,6316";"37,8747";"https://www.ozon.ru/context/detail/id/955513651/";"https://cdn1.ozone.ru/s3/multimedia-e/6554880614.jpg";228;211;"10,9561";"4,94";0;4990;202;2;"7";"40,14";9
927837154;"Mi Зарядное устройство для телефонов Xiaomi 33 W, адаптер питания + кабель Type-C";"Электроника/Аксессуары для электроники/Сетевые зарядные устройства";"FBO";"Xiaomi";"FamilyStore";166;0;900;576;753;576;"627,5082";630;554;2556;1603911;"2238157,1749";"4370,3297";"634246,1749";"28,3379";"https://www.ozon.ru/context/detail/id/927837154/";"https://cdn1.ozone.ru/s3/multimedia-1-r/6929503839.jpg";263;243;"9,3156";"4,24";0;1599;279;2;"6,9646";"30,8";12
1391051667;"Беспроводной повербанк 20000mah Xiaomi MI / Power bank внешний аккумулятор для зарядки телефона / Портативный пауэрбанк батарея";"";"FBO";"Xiaomi";"NEXIS";1;0;387;1802;2290;1622;"1815,4076";1734;1735;2554;4636551;"45989573,4324";"12633,654";"41353022,4324";"89,9183";"https://www.ozon.ru/context/detail/id/1391051667/";"https://cdn1.ozone.ru/s3/multimedia-g/6780960556.jpg";37;37;"68,4865";"4,59";1;20000;0;1;"6,9591";"5108";0
816482230;"Зеркало с LED подсветкой для макияжа Xiaomi Jordan Judy LED Makeup Mirror сенсорное";"Красота и здоровье/Макияж/Аксессуары для макияжа/Зеркала косметические";"FBO";"Xiaomi";"HomeBit";0;102;627;1056;1290;708;"1087,3763";1057;1018;2546;2768460;"4251149,8745";"7543,4877";"1482689,8745";"34,8774";"https://www.ozon.ru/context/detail/id/816482230/";"https://cdn1.ozone.ru/s3/multimedia-9/6866874585.jpg";239;228;"10,2427";"4,88";1;3500;299;3;"6,9373";"0";0
162619757;"Xiaomi Напольные весы Весы напольные электронные Smart Scale 2 до 150 кг ,Белые, белый";"";"FBO";"Xiaomi";"GoGeek";0;0;812;990;1590;872;"1351,0548";990;990;2538;3428977;"11236022,8482";"9343,2616";"7807045,8482";"69,4823";"https://www.ozon.ru/context/detail/id/162619757/";"https://cdn1.ozone.ru/s3/multimedia-g/6380621212.jpg";112;90;"22,2768";"4,91";0;1990;0;1;"6,9155";"61,16";6
683630406;"Xiaomi Смартфон Redmi 10C 4/64 ГБ, синий";"";"FBO";"Xiaomi";"ОМК";0;0;2717;9481;11851;7075;"8305,4976";10499;9481;2492;20697300;"35329809,7674";"56395,9128";"14632509,7674";"41,4169";"https://www.ozon.ru/context/detail/id/683630406/";"https://cdn1.ozone.ru/s3/multimedia-v/6391141363.jpg";215;77;"11,5767";"4,87";0;15990;0;1;"6,7902";"2,59";142
1195898249;"Мышь беспроводная компьютерная бесшумная Xiaomi Mi Dual Mode Wireless Mouse Silent Edition (2 режима подключения: Bluetooth или USB), черный, офисная мышка для Apple и Windows, телевизора, ноутбука, планшета, оптическая";"Электроника/Компьютеры/Периферия";"FBO";"Xiaomi";"GEEKHOME.RU - Магазин умных гаджетов";78;0;416;1344;1440;1180;"1304,2703";1310;1303;2482;3237199;"9000394,1894";"8820,7057";"5763195,1894";"64,0327";"https://www.ozon.ru/context/detail/id/1195898249/";"https://cdn1.ozone.ru/s3/multimedia-i/6768737766.jpg";132;124;"18,7348";"4,83";1;2500;126;3;"6,7629";"63,64";6
976486256;"Тв приставка Xiaomi Mi Box S 2nd Gen Global (медиаплеер 2-го поколения) MDZ-28-AA";"Электроника/Телевизоры и видеотехника/ТВ-приставки и медиаплееры";"FBO";"Xiaomi";"DigitalMall";124;0;570;5909;6990;4536;"5591,0801";5701;5756;2409;13468912;"21491698,713";"36700,0327";"8022786,713";"37,3297";"https://www.ozon.ru/context/detail/id/976486256/";"https://cdn1.ozone.ru/s3/multimedia-h/6736355909.jpg";230;205;"9,7609";"4,9";0;8990;72;2;"6,564";"38,85";9
1234441391;"Wi-Fi роутер Xiaomi Mi Wi-Fi Router 4A с 2 портами ethernet, CN version";"Электроника/Компьютеры/Сетевое оборудование/Роутеры и модемы";"FBO";"Xiaomi";"Soft Store";494;0;948;1867;2599;1822;"2081,233";2193;1813;2408;5011609;"13725824,6493";"13655,6104";"8714215,6493";"63,4877";"https://www.ozon.ru/context/detail/id/1234441391/";"https://cdn1.ozone.ru/s3/multimedia-1-o/6907637832.jpg";134;129;"17,8507";"4,72";0;4999;17;2;"6,5613";"9,75";38
965870092;"Xiaomi Смартфон Redmi Note 12S Ростест (EAC) 6/128 ГБ, черный";"Электроника/Телефоны и смарт-часы/Смартфоны";"FBO";"Xiaomi";"СМАРТ ЭЛЕКТРОНИКС";311;0;5003;16814;23790;15853;"18043,4844";18294.5;16639;2401;43322406;"73607976,8611";"118044,703";"30285570,8611";"41,1444";"https://www.ozon.ru/context/detail/id/965870092/";"https://cdn1.ozone.ru/s3/multimedia-t/6642132401.jpg";216;184;"9,4583";"4,92";1;25990;7096;4;"6,5422";"15,44";24
630551218;"Аккумулятор внешний Xiaomi Mi 10000mAh Power Bank 3 Ultra compact PB1022ZM (BHR4412GL)";"";"FBO";"Xiaomi";"СМАРТ ЭЛЕКТРОНИКС";1;0;647;2334;2590;1424;"1897,5812";1853;2275;2390;4535219;"6738564,2632";"12357,545";"2203345,2632";"32,6975";"https://www.ozon.ru/context/detail/id/630551218/";"https://cdn1.ozone.ru/s3/multimedia-s/6044191828.jpg";247;201;"9,2834";"4,92";0;3990;0;1;"6,5123";"4780";0
1210988745;"Xiaomi Кабель для мобильных устройств USB 2.0 Type-A/USB Type-C, 1.5 м, белый";"Электроника/Телефоны и смарт-часы/Аксессуары для смартфонов и телефонов/Кабели";"FBO";"Xiaomi";"GEEKHOME.RU - Магазин умных гаджетов";427;0;4194;1147;1260;766;"848,8418";833.5;1104;2364;2006662;"4909633,0267";"5467,7439";"2902971,0267";"59,1281";"https://www.ozon.ru/context/detail/id/1210988745/";"https://cdn1.ozone.ru/s3/multimedia-l/6780889317.jpg";150;149;"15,76";"4,88";1;2000;4345;1;"6,4414";"11,07";33
922713278;"Кабель для зарядки телефонов и планшетов Xiaomi USB Type-A to Type-C 3A (BHR4422GL)";"Электроника/Телефоны и смарт-часы/Аксессуары для смартфонов и телефонов/Кабели";"FBO";"Xiaomi";"GoGeek";105;0;707;477;790;347;"399,8362";415;467;2362;944413;"1589906,289";"2573,3324";"645493,289";"40,5995";"https://www.ozon.ru/context/detail/id/922713278/";"https://cdn1.ozone.ru/s3/multimedia-d/6613890637.jpg";218;212;"10,8349";"4,83";0;990;1305;3;"6,436";"44,99";8
1004694862;"Вентилятор Xiaomi Mijia DC Inverter Tower Fan 2 (BPTS02DM) колонный радиальный безлопастной / башенный (обновленная версия BPTS01DM)";"";"FBO";"Xiaomi";"Foxpox.ru";0;0;571;12926;12926;5645;"7462,1571";7327.5;12614;2342;17476372;"28007984,821";"47619,5422";"10531612,821";"37,6022";"https://www.ozon.ru/context/detail/id/1004694862/";"https://cdn1.ozone.ru/s3/multimedia-t/6665722769.jpg";229;69;"9,9214";"4,86";0;16990;0;1;"6,3815";"0";0
1108576181;"Умная метеостанция Xiaomi Bluetooth Mijia Thermometer, Гигрометр Погодная станция Mi, Датчик температуры и влажности, цифровой комнатный Термометр, градусник электронный - 2 шт";"Бытовая техника/Климатическая техника/Погодные станции и датчики/Погодные станции";"FBO";"Xiaomi";"GEEKHOME.RU - Магазин умных гаджетов";685;0;3203;923;1190;777;"888,0631";878.5;898;2331;2070075;"6029504,1667";"5640,5313";"3959429,1667";"65,6676";"https://www.ozon.ru/context/detail/id/1108576181/";"https://cdn1.ozone.ru/s3/multimedia-w/6716676524.jpg";126;123;"18,5";"4,89";0;1550;200;2;"6,3515";"6,81";54
643039878;"Xiaomi Смартфон Xiaomi Redmi Note 11S 6/128 ГБ, серый";"";"FBO";"Xiaomi";"СМАРТ ЭЛЕКТРОНИКС";0;0;2657;16884;31921;15291;"17737,9112";17990;16601;2321;41169692;"63218732,0669";"112178,9973";"22049040,0669";"34,8774";"https://www.ozon.ru/context/detail/id/643039878/";"https://cdn1.ozone.ru/s3/multimedia-4/6622416580.jpg";239;129;"9,6234";"4,92";0;27990;0;1;"6,3243";"0";0
955516144;"Дозатор/Диспенсер для жидкого мыла/мыла-пенки Xiaomi Mi Automatic Foam Soap Dispenser, белый MJXSJ03XW";"Дом и сад/Хозяйственные товары/Аксессуары для ванной/Диспенсеры и дозаторы";"FBO";"Xiaomi";"My-project";137;0;3122;1220;1770;1034;"1200,1668";1312;1178;2314;2777186;"4853463,1524";"7567,2643";"2076277,1524";"42,7793";"https://www.ozon.ru/context/detail/id/955516144/";"https://cdn1.ozone.ru/s3/multimedia-v/6709050247.jpg";210;184;"10,5714";"4,88";0;2185;141;3;"6,3052";"33,78";11
247711552;"Xiaomi Электрическая зубная щетка Mijia (Electric Toothbrush)T-100, голубой";"";"FBO";"Xiaomi";"GoGeek";0;0;2027;719;970;589;"706,99";662;700;2298;1624663;"4384200,8897";"4426,8747";"2759537,8897";"62,9428";"https://www.ozon.ru/context/detail/id/247711552/";"https://cdn1.ozone.ru/s3/multimedia-h/6304596701.jpg";136;110;"16,8824";"4,91";0;1990;-1;0;"6,2616";"10,79";34
1185548070;"Xiaomi Фитнес-браслет, черный";"Электроника/Телефоны и смарт-часы/Фитнес-браслеты";"FBO";"Xiaomi";"СМАРТ ЭЛЕКТРОНИКС";106;0;610;3504;4098;2795;"3589,8155";3770;3440;2276;8170420;"25849518,4483";"22262,7248";"17679098,4483";"68,3924";"https://www.ozon.ru/context/detail/id/1185548070/";"https://cdn1.ozone.ru/s3/multimedia-l/6755328957.jpg";116;96;"18,9397";"4,91";1;4990;5;3;"6,2016";"42,94";9
1098609761;"Машинка для стрижки Xiaomi Mijia Hair Clipper";"Бытовая техника/Техника для красоты и здоровья/Машинки для стрижки волос и аксессуары/Машинки для стрижки";"FBO";"Xiaomi";"ИП Семенюк Е.С";398;0;848;2521;3100;2044;"2355,6705";2296;2455;2273;5354439;"18894991,4712";"14589,752";"13540552,4712";"71,6621";"https://www.ozon.ru/context/detail/id/1098609761/";"https://cdn1.ozone.ru/s3/multimedia-z/6860890115.jpg";104;102;"21,1635";"4,86";0;6000;81;2;"6,1935";"11,42";32
1289942706;"Ирригатор Xiaomi Mijia Electric Flusher (MEO701) белый, для полости рта и зубов с насадками";"Бытовая химия и гигиена/Личная гигиена/Гигиена полости рта/Ирригаторы";"FBO";"Xiaomi";"Electro inc.";1498;0;453;2961;2963;2706;"2809,8367";2869;2860;2259;6347421;"86277907,6667";"17295,4251";"79930486,6667";"92,6431";"https://www.ozon.ru/context/detail/id/1289942706/";"https://cdn1.ozone.ru/s3/multimedia-f/6833024079.jpg";27;28;"81";"4,91";0;5490;93;6;"6,1553";"3,02";122
973829133;"Беспроводные наушники Xiaomi Redmi Buds 4, черный";"";"FBO";"Xiaomi";"DASH";0;0;538;3218;3608;2709;"3132,1066";3199;3134;2251;7050372;"13337559,4021";"19210,8229";"6287187,4021";"47,139";"https://www.ozon.ru/context/detail/id/973829133/";"https://cdn1.ozone.ru/s3/multimedia-4/6647117260.jpg";194;178;"11,4381";"4,72";0;5990;0;1;"6,1335";"0";0
904430976;"Xiaomi Смартфон Redmi 12C Ростест (EAC) 3/64 ГБ, синий";"";"FBO";"Xiaomi";"СМАРТ ЭЛЕКТРОНИКС";1;0;2856;8269;12339;6895;"8391,3847";8647;8123;2246;18847050;"24791639,2473";"51354,3597";"5944589,2473";"23,9782";"https://www.ozon.ru/context/detail/id/904430976/";"https://cdn1.ozone.ru/s3/multimedia-j/6609280015.jpg";279;165;"7,9391";"4,91";0;12990;0;1;"6,1199";"4492";0
917128381;"Напольные электронные весы с приложением Xiaomi Smart Scale 2";"";"FBO";"Xiaomi";"XD-STORE";0;0;502;1549;1690;1103;"1257,2745";1485;1549;2244;2821324;"5596896,8";"7687,5313";"2775572,8";"49,5913";"https://www.ozon.ru/context/detail/id/917128381/";"https://cdn1.ozone.ru/s3/multimedia-r/6610545279.jpg";185;138;"11,4432";"4,9";0;1790;-1;0;"6,1144";"0";0
1058326097;"Метеостанция Xiaomi Mijia Bluetooth Hygrothermograph 2(LYWSD03MMC)";"Дом и сад/Декор и интерьер/Часы и метеостанции/Метеостанции и термометры";"FBO";"Xiaomi";"Firebird";1319;0;548;510;539;378;"509,0464";510;496;2240;1140264;"2124248,1624";"3106,9864";"983984,1624";"46,3215";"https://www.ozon.ru/context/detail/id/1058326097/";"https://cdn1.ozone.ru/s3/multimedia-1-c/6934748952.jpg";197;157;"11,1117";"4,85";0;790;62;4;"6,1035";"3,4";108
955518429;"Xiaomi Электрическая зубная щетка Mijia (Electric Toothbrush)T-100, голубой";"Бытовая техника/Техника для красоты и здоровья/Электрические зубные щетки и аксессуары/Зубные щетки";"FBO";"Xiaomi";"My-project";210;0;6997;803;847;589;"746,711";790;782;2204;1645751;"2720678,455";"4484,3351";"1074927,455";"39,5095";"https://www.ozon.ru/context/detail/id/955518429/";"https://cdn1.ozone.ru/s3/multimedia-h/6304596701.jpg";222;210;"9,8514";"4,89";0;1990;118;3;"6,0054";"20,99";17
857762774;"Xiaomi Смартфон Redmi A1+ 2/32 ГБ, зеленый";"";"FBO";"Xiaomi";"ОМК";0;0;584;5540;5540;4006;"4388,676";4929;5540;2204;9672642;"39442884,6";"26355,9728";"29770242,6";"75,4768";"https://www.ozon.ru/context/detail/id/857762774/";"https://cdn1.ozone.ru/s3/multimedia-z/6425985443.jpg";90;77;"24,4778";"4,86";0;5540;0;1;"6,0054";"3,35";110
811320729;"Xiaomi Внешний аккумулятор PB100DPDZM, 10000 мАч, синий";"Электроника/Аксессуары для электроники/Внешние аккумуляторы";"FBO";"Xiaomi";"СМАРТ ЭЛЕКТРОНИКС";307;0;637;1867;2210;1275;"1687,0524";1690;1819;2195;3703080;"8236547,6364";"10090,1362";"4533467,6364";"55,0409";"https://www.ozon.ru/context/detail/id/811320729/";"https://cdn1.ozone.ru/s3/multimedia-n/6640465055.jpg";165;148;"12,6545";"4,93";1;2990;206;5;"5,9809";"7,69";48
855855730;"Wi-Fi роутер Xiaomi Redmi AC2100 5G, белый , CN Version с инструкцией и переходником";"";"FBO";"Xiaomi";"Soft Store";0;0;482;3662;4249;2747;"3300,8367";3288;3560;2180;7195824;"20471840,3721";"19607,1499";"13276016,3721";"64,8501";"https://www.ozon.ru/context/detail/id/855855730/";"https://cdn1.ozone.ru/s3/multimedia-2/6595054058.jpg";129;122;"16,6977";"4,92";0;5999;-1;0;"5,9401";"0";0
292611545;"Рюкзак мужской Xiaomi";"";"FBO";"Xiaomi";"Mi Store";0;0;1289;2003;2380;1424;"1891,5411";1933;1911;2166;4097078;"12426674,595";"11163,7003";"8329596,595";"67,03";"https://www.ozon.ru/context/detail/id/292611545/";"https://cdn1.ozone.ru/s3/multimedia-8/6060664004.jpg";121;116;"17,0992";"4,96";0;3290;0;1;"5,9019";"40,11";9
965869987;"Xiaomi Смартфон Redmi Note 12S Ростест (EAC) 8/256 ГБ, зеленый";"";"FBO";"Xiaomi";"СМАРТ ЭЛЕКТРОНИКС";0;0;4997;18574;27090;17664;"19616,448";19917;18261;2163;42430377;"117082318,4887";"115614,1063";"74651941,4887";"63,7602";"https://www.ozon.ru/context/detail/id/965869987/";"https://cdn1.ozone.ru/s3/multimedia-f/6642131703.jpg";133;128;"15,391";"4,92";1;32990;0;1;"5,8937";"0";0
877072739;"Термометр комнатный Метеостанция Гигрометр Погодная станция Xiaomi, Датчик температуры и влажности, цифровой, электронный, Mijia Bluetooth Thermometer 2 LYWSD03MMC Mijia 2 LYWSD03MMC";"";"FBO";"Xiaomi";"Mi Store";0;0;412;430;430;270;"377,3665";430;430;2139;807187;"5386138,7091";"2199,4196";"4578951,7091";"85,0136";"https://www.ozon.ru/context/detail/id/877072739/";"https://cdn1.ozone.ru/s3/multimedia-d/6234838885.jpg";55;52;"38,1636";"4,89";0;690;0;1;"5,8283";"0";0
630552787;"Наушники Xiaomi Mi In-Ear Headphones Basic HSEJ03JY (ZBW4354TY) черные";"Электроника/Наушники и аудиотехника/Наушники";"FBO";"Xiaomi";"СМАРТ ЭЛЕКТРОНИКС";383;0;2054;684;761;487;"660,0154";576;666;2136;1409793;"4927562,2";"3841,3978";"3517769,2";"71,3896";"https://www.ozon.ru/context/detail/id/630552787/";"https://cdn1.ozone.ru/s3/multimedia-d/6000103333.jpg";105;104;"19,8952";"4,81";1;1150;1675;3;"5,8202";"11,15";33
929177736;"Ирригатор Xiaomi Mijia Electric Flusher (MEO701) белый, для полости рта и зубов с насадками";"";"FBO";"Xiaomi";"higadget";0;0;410;3499;3499;2351;"2790,5775";3099;3499;2128;5938349;"16510409,7197";"16180,7875";"10572060,7197";"64,0327";"https://www.ozon.ru/context/detail/id/929177736/";"https://cdn1.ozone.ru/s3/multimedia-2/6617765018.jpg";132;128;"15,3106";"4,92";0;3499;0;1;"5,7984";"0";0
1339240698;"Фотопринтер Xiaomi Mijia AR ZINK (версия CN), портативный с цветной термопечатью";"Электроника/Фото и видеокамеры/Компактные фотопринтеры";"FBO";"Xiaomi";"MiRussia";226;0;1003;5775;7395;5586;"5969,7435";5775;5563;2125;12685705;"72744589,6094";"34565,9537";"60058884,6094";"82,5613";"https://www.ozon.ru/context/detail/id/1339240698/";"https://cdn1.ozone.ru/s3/multimedia-5/6675321245.jpg";64;63;"32,875";"4,81";0;9990;24;3;"5,7902";"18,81";20
667478474;"Автоматический дозатор для жидкого мыла Xiaomi Mijia Automatic Foam Soap Dispenser / сенсорный";"Дом и сад/Хозяйственные товары/Аксессуары для ванной/Диспенсеры и дозаторы";"FBO";"Xiaomi";"MOBISTORE24.RU";42;0;732;1226;1690;1116;"1333,5264";1399;1188;2120;2827076;"4530728,786";"7703,2044";"1703652,786";"37,6022";"https://www.ozon.ru/context/detail/id/667478474/";"https://cdn1.ozone.ru/s3/multimedia-r/6388034199.jpg";229;198;"9,2533";"4,91";0;2290;60;2;"5,7766";"11,78";31
1376531778;"Внешний аккумулятор Redmi Fast Charge Power Bank, 20000mah, Повербанк черный с быстрой зарядкой";"Электроника/Аксессуары для электроники/Внешние аккумуляторы";"FBO";"Xiaomi";"GoodstoHouse";416;0;239;1872;2290;1631;"1760,4441";1742.5;1803;2101;3698693;"25611704,3585";"10078,1826";"21913011,3585";"85,5586";"https://www.ozon.ru/context/detail/id/1376531778/";"https://cdn1.ozone.ru/s3/multimedia-g/6884584144.jpg";53;52;"39,3585";"4,75";0;3990;106;2;"5,7248";"10,1";36
